"capability","source","line"
"a.approved_by_user_id","server/src/routes/certificationAuthorizations.ts","79"
"a.authorization_type","server/src/routes/certificationAuthorizations.ts","77"
"a.department","server/src/routes/certificationAuthorizations.ts","76"
"a.employee_id","server/src/routes/certificationAuthorizations.ts","72"
"a.part_number","server/src/routes/certificationAuthorizations.ts","74"
"a.product_family","server/src/routes/certificationAuthorizations.ts","75"
"a.program","server/src/routes/certificationAuthorizations.ts","73"
"a.status","server/src/routes/certificationAuthorizations.ts","78"
"aaa.bbb","server/__tests__/operatorAuthService.test.ts","274"
"accounting-control-transactions.csv","server/src/routes/accountingControl.ts","690"
"admin.manage_users","server/index.ts","4734"
"admin.manage_users","server/src/capabilities.ts","223"
"admin.manage_users","server/src/routes/users.ts","179"
"admin.manage_users","server/src/routes/users.ts","285"
"admin.manage_users","server/src/routes/users.ts","411"
"admin.order_lookup","server/index.ts","4683"
"admin.order_lookup","server/index.ts","5120"
"admin.order_lookup","server/src/capabilities.ts","224"
"admin.order_lookup","server/src/routes/admin.ts","2240"
"agcompepoch.xyz","client/src/lib/queryClient.ts","230"
"agcompepoch.xyz","client/src/lib/queryClient.ts","402"
"agcomposites.com","server/__tests__/vendorPoPdfLayout.test.ts","64"
"all_orders.model_id","server/src/routes/layupSchedule.ts","448"
"amazon.com","database_export_2025-08-13T04-27-34.sql","2066"
"amazon.com","database_export_2025-08-28T21-28-04.sql","2304"
"amazon.com","github-export/database_export_2025-08-28T21-28-04.sql","2304"
"approvals.override","migrations/0130_audit_dcaa_security_section11.sql","193"
"approvals.override","migrations/0130_audit_dcaa_security_section11.sql","218"
"approvals.override","migrations/0130_audit_dcaa_security_section11.sql","226"
"approvals.override","server/index.ts","4668"
"ar_invoice_lines.part_number","server/src/routes/arInvoices.ts","74"
"ar_invoice_lines.po_item_id","server/src/routes/arInvoices.ts","73"
"ar_invoices.customer_visible_notes","server/src/routes/arInvoices.ts","67"
"ar_invoices.discount_amount","server/src/routes/arInvoices.ts","63"
"ar_invoices.freight_amount","server/src/routes/arInvoices.ts","64"
"ar_invoices.internal_notes","server/src/routes/arInvoices.ts","68"
"ar_invoices.retainage_amount","server/src/routes/arInvoices.ts","66"
"ar_invoices.retainage_percent","server/src/routes/arInvoices.ts","65"
"ar_invoices.sendgrid_message_id","server/src/routes/arInvoices.ts","70"
"ar_invoices.sent_cc","server/src/routes/arInvoices.ts","72"
"ar_invoices.sent_to","server/src/routes/arInvoices.ts","71"
"ar_invoices.wad_id","server/src/routes/arInvoices.ts","69"
"assets.manage","server/index.ts","4727"
"assets.manage","server/index.ts","4929"
"assets.manage","server/src/capabilities.ts","206"
"assets.manage","server/src/routes/assetManagement.ts","43"
"assets.manage","server/src/routes/assetManagement.ts","57"
"assets.manage","server/src/routes/assetManagement.ts","70"
"assets.manage","server/src/routes/assetManagement.ts","101"
"assets.manage","server/src/routes/assetManagement.ts","115"
"assets.manage","server/src/routes/assetManagement.ts","128"
"assets.manage","server/src/routes/assetManagement.ts","143"
"assets.manage","server/src/routes/assetManagement.ts","360"
"assets.manage","server/src/routes/assetManagement.ts","391"
"assets.manage","server/src/routes/assetManagement.ts","423"
"audit_events.sequence_number","server/__tests__/controlledDocumentSchemaReadiness.test.ts","155"
"audit.allow_archive","migrations/0099_audit_evidence_hardening.sql","57"
"audit.allow_archive","migrations/0100_audit_ledger_privilege_hardening.sql","71"
"audit.allow_archive","migrations/0101_audit_tamper_attempts_durable.sql","89"
"audit.allow_archive","migrations/0101_audit_tamper_attempts_durable.sql","187"
"audit.dblink_host","migrations/0101_audit_tamper_attempts_durable.sql","99"
"audit.dblink_port","migrations/0101_audit_tamper_attempts_durable.sql","100"
"auth.route","server/src/routes/auth.ts","127"
"auth.route","server/src/routes/auth.ts","801"
"auth.route","server/src/routes/auth.ts","939"
"auth.service","migrations/0130_audit_dcaa_security_section11.sql","125"
"authoritative.pdf","server/__tests__/controlledDocumentRecovery.test.ts","125"
"barcode-labels.pdf","server/src/routes/index.ts","12565"
"blue.0","packages/training-app/client/src/pages/TrainerToday.tsx","283"
"blue.0","packages/training-app/client/src/pages/TrainerTraining.tsx","335"
"blue.0","packages/training-app/client/src/pages/TrainerTraining.tsx","402"
"blue.8","packages/training-app/client/src/pages/TrainerToday.tsx","284"
"blue.8","packages/training-app/client/src/pages/TrainerTraining.tsx","336"
"blue.8","packages/training-app/client/src/pages/TrainerTraining.tsx","404"
"cert.pdf","server/__tests__/vendorDocMigration.test.ts","276"
"certification.pdf","server/__tests__/controlledDocumentPhase2Postgres.test.ts","94"
"changed.pdf","server/__tests__/controlledDocumentRecovery.test.ts","175"
"cmmc.routes","server/src/routes/cmmc.ts","330"
"com.epoch.manufacturing.erp","capacitor.config.ts","4"
"com.epoch.manufacturing.erp","docs/github-export-with-rail-update/capacitor.config.ts","4"
"com.epoch.manufacturing.erp","docs/github-export/capacitor.config.ts","4"
"com.epoch.manufacturing.erp","github-export/capacitor.config.ts","4"
"commercial.blockers","server/__tests__/projectCommercialReview.test.ts","138"
"company-logo.png","server/src/routes/marketing.ts","844"
"console.error","client/src/main.tsx","61"
"console.error","github-export/client/src/main.tsx","29"
"contradictory.pdf","server/__tests__/controlledDocumentPhase2Postgres.test.ts","801"
"controlled_document_reconciliation_events.before_snapshot","server/__tests__/controlledDocumentSchemaReadiness.test.ts","202"
"controlled_document_reconciliation_evidence.immutable_file_size","server/__tests__/controlledDocumentSchemaReadiness.test.ts","210"
"controlled_documents.current_released_revision_id","server/__tests__/controlledDocumentPhase1BReconciliation.test.ts","46"
"controlled_documents.current_released_revision_id","server/__tests__/controlledDocumentSchemaReadiness.test.ts","101"
"controlled_documents.current_released_revision_id","server/__tests__/controlledDocumentSchemaReadiness.test.ts","121"
"controlled_documents.current_released_revision_id","server/src/services/controlledDocumentReconciliationService.ts","160"
"controlled_documents.current_released_revision_id","server/src/services/controlledDocumentSchemaReadiness.ts","63"
"controlled_documents.current_revision_id","server/__tests__/controlledDocumentSchemaReadiness.test.ts","100"
"controlled_documents.current_revision_id","server/__tests__/controlledDocumentSchemaReadiness.test.ts","120"
"controlled_documents.current_revision_id","server/src/services/controlledDocumentSchemaReadiness.ts","62"
"controlled_documents.lifecycle_status","server/__tests__/controlledDocumentSchemaReadiness.test.ts","91"
"controlled_documents.lifecycle_status","server/__tests__/controlledDocumentSchemaReadiness.test.ts","99"
"controlled_documents.lifecycle_status","server/__tests__/controlledDocumentSchemaReadiness.test.ts","119"
"controlled_documents.lifecycle_status","server/src/services/controlledDocumentReconciliationService.ts","161"
"controlled_documents.lifecycle_status","server/src/services/controlledDocumentSchemaReadiness.ts","61"
"controlled_documents.number_control_status","server/__tests__/controlledDocumentSchemaReadiness.test.ts","103"
"controlled_documents.number_control_status","server/__tests__/controlledDocumentSchemaReadiness.test.ts","123"
"controlled_documents.number_control_status","server/src/services/controlledDocumentSchemaReadiness.ts","65"
"controlled_documents.working_draft_revision_id","server/__tests__/controlledDocumentSchemaReadiness.test.ts","102"
"controlled_documents.working_draft_revision_id","server/__tests__/controlledDocumentSchemaReadiness.test.ts","122"
"controlled_documents.working_draft_revision_id","server/src/services/controlledDocumentSchemaReadiness.ts","64"
"cutting_built_packets.allocated_to_order","server/scripts/backfillP2UsedPackets.ts","219"
"d.demand_status","server/__tests__/productionOrderProvisioningFoundation.test.ts","37"
"db.example.com","server/__tests__/dbHealth.test.ts","10"
"db.transaction","server/__tests__/productionExecutionAuthorizationFoundation.test.ts","56"
"db.transaction","server/__tests__/productionOrderProvisioningFoundation.test.ts","64"
"db.transaction","server/__tests__/projectPreproductionReadiness.test.ts","261"
"db.transaction","server/__tests__/projectPreproductionReadiness.test.ts","265"
"db.transaction","server/__tests__/projectQualityRelease.test.ts","142"
"db.transaction","server/__tests__/workOrderProvisioningFoundation.test.ts","38"
"definition.checklist.map","client/src/__tests__/designControlAuthority.client.test.ts","73"
"definition.fields.map","client/src/__tests__/designControlAuthority.client.test.ts","72"
"design_control_form_template_revisions.blank_pdf_base64","server/src/services/designControlTemplateSchemaReadiness.ts","45"
"design.assignment.admin","client/src/__tests__/designControlStructuredWorkspace.client.test.tsx","66"
"design.configuration.admin","migrations/0248_design_project_manufacturing_configuration.sql","313"
"design.configuration.admin","server/index.ts","4666"
"design.configuration.admin","server/src/designControlAuthorization.ts","26"
"design.configuration.applicability.approve","client/src/features/design-control/DesignProjectConfigurationWorkspace.tsx","175"
"design.configuration.applicability.approve","migrations/0248_design_project_manufacturing_configuration.sql","308"
"design.configuration.applicability.approve","server/__tests__/designProjectConfigurationWorkspacePhase2.test.ts","62"
"design.configuration.applicability.approve","server/__tests__/designProjectConfigurationWorkspacePhase2.test.ts","101"
"design.configuration.applicability.approve","server/__tests__/designProjectManufacturingConfiguration.test.ts","155"
"design.configuration.applicability.approve","server/index.ts","4661"
"design.configuration.applicability.approve","server/src/designControlAuthorization.ts","20"
"design.configuration.applicability.approve","server/src/routes/rdProjects.ts","1397"
"design.configuration.baseline.create","migrations/0248_design_project_manufacturing_configuration.sql","311"
"design.configuration.baseline.create","server/__tests__/designProjectManufacturingConfiguration.test.ts","160"
"design.configuration.baseline.create","server/index.ts","4664"
"design.configuration.baseline.create","server/src/designControlAuthorization.ts","24"
"design.configuration.edit","client/src/features/design-control/DesignProjectConfigurationWorkspace.tsx","174"
"design.configuration.edit","migrations/0248_design_project_manufacturing_configuration.sql","307"
"design.configuration.edit","server/__tests__/designProjectManufacturingConfiguration.test.ts","151"
"design.configuration.edit","server/index.ts","4660"
"design.configuration.edit","server/src/designControlAuthorization.ts","18"
"design.configuration.edit","server/src/routes/rdProjects.ts","714"
"design.configuration.edit","server/src/routes/rdProjects.ts","807"
"design.configuration.edit","server/src/routes/rdProjects.ts","920"
"design.configuration.edit","server/src/routes/rdProjects.ts","1013"
"design.configuration.edit","server/src/routes/rdProjects.ts","1043"
"design.configuration.edit","server/src/routes/rdProjects.ts","1102"
"design.configuration.edit","server/src/routes/rdProjects.ts","1188"
"design.configuration.edit","server/src/routes/rdProjects.ts","1213"
"design.configuration.edit","server/src/routes/rdProjects.ts","1306"
"design.configuration.edit","server/src/routes/rdProjects.ts","1350"
"design.configuration.reconcile","migrations/0248_design_project_manufacturing_configuration.sql","312"
"design.configuration.reconcile","server/__tests__/designProjectManufacturingConfiguration.test.ts","163"
"design.configuration.reconcile","server/index.ts","4665"
"design.configuration.reconcile","server/src/designControlAuthorization.ts","25"
"design.configuration.revision.release","migrations/0248_design_project_manufacturing_configuration.sql","310"
"design.configuration.revision.release","server/__tests__/designProjectManufacturingConfiguration.test.ts","157"
"design.configuration.revision.release","server/index.ts","4663"
"design.configuration.revision.release","server/src/designControlAuthorization.ts","23"
"design.configuration.revision.review","migrations/0248_design_project_manufacturing_configuration.sql","309"
"design.configuration.revision.review","server/index.ts","4662"
"design.configuration.revision.review","server/src/designControlAuthorization.ts","22"
"design.configuration.view","migrations/0248_design_project_manufacturing_configuration.sql","306"
"design.configuration.view","server/__tests__/designProjectManufacturingConfiguration.test.ts","148"
"design.configuration.view","server/index.ts","4659"
"design.configuration.view","server/src/designControlAuthorization.ts","17"
"design.configuration.view","server/src/routes/rdProjects.ts","669"
"design.configuration.view","server/src/routes/rdProjects.ts","773"
"design.configuration.view","server/src/routes/rdProjects.ts","1440"
"design.configuration.view","server/src/routes/rdProjects.ts","1454"
"design.control.admin","client/src/features/design-control/DesignControlStepEditor.tsx","379"
"design.control.admin","migrations/0207_design_control_authority_foundation.sql","74"
"design.control.admin","migrations/0207_design_control_authority_foundation.sql","87"
"design.control.admin","server/__tests__/designControlAuthorityFoundation.test.ts","117"
"design.control.admin","server/__tests__/designControlProductionReadiness.test.ts","89"
"design.control.admin","server/index.ts","4650"
"design.control.admin","server/src/capabilities.ts","148"
"design.control.admin","server/src/designControlAuthorization.ts","2"
"design.control.admin","server/src/designControlAuthorization.ts","49"
"design.control.admin","server/src/designControlAuthorization.ts","70"
"design.control.admin","server/src/routes/qmsDesignControl.ts","609"
"design.control.admin","server/src/routes/qmsDesignControlStructured.ts","283"
"design.control.admin","server/src/routes/qmsDesignControlStructured.ts","297"
"design.control.admin","server/src/routes/qmsDesignControlStructured.ts","321"
"design.control.admin","server/src/routes/rdProjects.ts","345"
"design.control.admin","server/src/services/designControlApprovalService.ts","1106"
"design.control.approve","client/src/__tests__/designControlAuthority.client.test.ts","93"
"design.control.approve","client/src/__tests__/designControlStructuredWorkspace.client.test.tsx","69"
"design.control.approve","client/src/config/userPermissions.ts","30"
"design.control.approve","client/src/features/design-control/DesignControlStepEditor.tsx","373"
"design.control.approve","migrations/0208_design_control_authenticated_approvals.sql","159"
"design.control.approve","migrations/0208_design_control_authenticated_approvals.sql","178"
"design.control.approve","migrations/0208_design_control_authenticated_approvals.sql","188"
"design.control.approve","server/__tests__/designControlStructuredLifecyclePostgres.test.ts","68"
"design.control.approve","server/index.ts","4653"
"design.control.approve","server/src/capabilities.ts","151"
"design.control.approve","server/src/designControlAuthorization.ts","7"
"design.control.approve","server/src/designControlAuthorization.ts","13"
"design.control.approve","server/src/designControlAuthorization.ts","62"
"design.control.approve","server/src/designControlAuthorization.ts","63"
"design.control.approve","server/src/routes/qmsDesignControl.ts","1012"
"design.control.approve","server/src/routes/qmsDesignControlStructured.ts","149"
"design.control.approve","server/src/routes/qmsDesignControlStructured.ts","253"
"design.control.approve","server/src/routes/qmsDesignControlStructured.ts","363"
"design.control.approve","server/src/routes/qmsDesignControlStructured.ts","388"
"design.control.approve","shared/designControlWorkflow.ts","68"
"design.control.approve","shared/designControlWorkflow.ts","73"
"design.control.approve","shared/designControlWorkflow.ts","78"
"design.control.approve","shared/designControlWorkflow.ts","83"
"design.control.approve","shared/designControlWorkflow.ts","88"
"design.control.approve","shared/designControlWorkflow.ts","118"
"design.control.approve","shared/designControlWorkflow.ts","123"
"design.control.approve","shared/designControlWorkflow.ts","128"
"design.control.approve","shared/designControlWorkflow.ts","133"
"design.control.approve","shared/designControlWorkflow.ts","138"
"design.control.approve","shared/designControlWorkflow.ts","143"
"design.control.approve","shared/designControlWorkflow.ts","148"
"design.control.approve","shared/designControlWorkflow.ts","174"
"design.control.approve","shared/designControlWorkflow.ts","179"
"design.control.approve","shared/designControlWorkflow.ts","184"
"design.control.approve","shared/designControlWorkflow.ts","189"
"design.control.create","migrations/0207_design_control_authority_foundation.sql","73"
"design.control.create","migrations/0207_design_control_authority_foundation.sql","80"
"design.control.create","server/__tests__/designControlAuthorityFoundation.test.ts","114"
"design.control.create","server/__tests__/designControlProductionReadiness.test.ts","88"
"design.control.create","server/index.ts","4649"
"design.control.create","server/src/capabilities.ts","147"
"design.control.create","server/src/designControlAuthorization.ts","10"
"design.control.create","server/src/designControlAuthorization.ts","65"
"design.control.create","server/src/routes/qmsDesignControl.ts","764"
"design.control.create","server/src/routes/rdProjects.ts","305"
"design.control.create","server/src/routes/rdProjects.ts","389"
"design.control.edit","client/src/__tests__/designControlAuthority.client.test.ts","91"
"design.control.edit","client/src/__tests__/designControlStructuredWorkspace.client.test.tsx","67"
"design.control.edit","client/src/config/userPermissions.ts","28"
"design.control.edit","client/src/features/design-control/DesignControlStepEditor.tsx","371"
"design.control.edit","client/src/features/design-control/DesignControlStepEditor.tsx","377"
"design.control.edit","migrations/0208_design_control_authenticated_approvals.sql","157"
"design.control.edit","migrations/0208_design_control_authenticated_approvals.sql","170"
"design.control.edit","server/__tests__/designControlStructuredLifecyclePostgres.test.ts","66"
"design.control.edit","server/index.ts","4651"
"design.control.edit","server/src/capabilities.ts","149"
"design.control.edit","server/src/designControlAuthorization.ts","5"
"design.control.edit","server/src/designControlAuthorization.ts","11"
"design.control.edit","server/src/designControlAuthorization.ts","61"
"design.control.edit","server/src/routes/qmsDesignControl.ts","922"
"design.control.edit","server/src/routes/qmsDesignControl.ts","1093"
"design.control.edit","server/src/routes/qmsDesignControlStructured.ts","94"
"design.control.edit","server/src/routes/qmsDesignControlStructured.ts","112"
"design.control.edit","server/src/routes/qmsDesignControlStructured.ts","175"
"design.control.edit","server/src/routes/qmsDesignControlStructured.ts","207"
"design.control.edit","server/src/routes/qmsDesignControlStructured.ts","231"
"design.control.edit","server/src/services/designControlApprovalService.ts","534"
"design.control.edit","server/src/services/designControlApprovalService.ts","1238"
"design.control.submit","client/src/__tests__/designControlAuthority.client.test.ts","92"
"design.control.submit","client/src/__tests__/designControlStructuredWorkspace.client.test.tsx","68"
"design.control.submit","client/src/config/userPermissions.ts","29"
"design.control.submit","client/src/features/design-control/DesignControlStepEditor.tsx","372"
"design.control.submit","client/src/features/design-control/DesignControlStepEditor.tsx","377"
"design.control.submit","migrations/0208_design_control_authenticated_approvals.sql","158"
"design.control.submit","migrations/0208_design_control_authenticated_approvals.sql","170"
"design.control.submit","server/__tests__/designControlStructuredLifecyclePostgres.test.ts","67"
"design.control.submit","server/index.ts","4652"
"design.control.submit","server/src/capabilities.ts","150"
"design.control.submit","server/src/designControlAuthorization.ts","6"
"design.control.submit","server/src/designControlAuthorization.ts","12"
"design.control.submit","server/src/designControlAuthorization.ts","61"
"design.control.submit","server/src/routes/qmsDesignControl.ts","960"
"design.control.submit","server/src/routes/qmsDesignControlStructured.ts","133"
"design.control.submit","server/src/services/designControlApprovalService.ts","641"
"design.control.view","server/__tests__/designControlProductionReadiness.test.ts","87"
"design.control.view","server/__tests__/designControlStructuredLifecyclePostgres.test.ts","65"
"design.control.view","server/index.ts","4648"
"design.control.view","server/src/capabilities.ts","146"
"design.control.view","server/src/designControlAuthorization.ts","4"
"design.dhf.admin","server/__tests__/designHistoryFiles.test.ts","64"
"design.dhf.admin","server/index.ts","4645"
"design.dhf.admin","server/src/capabilities.ts","143"
"design.dhf.admin","server/src/designControlAuthorization.ts","53"
"design.dhf.admin","server/src/routes/designHistoryFiles.ts","62"
"design.dhf.approve","server/index.ts","4642"
"design.dhf.approve","server/src/capabilities.ts","140"
"design.dhf.approve","server/src/designControlAuthorization.ts","44"
"design.dhf.export","server/__tests__/designHistoryFiles.test.ts","134"
"design.dhf.export","server/index.ts","4643"
"design.dhf.export","server/src/capabilities.ts","141"
"design.dhf.export","server/src/designControlAuthorization.ts","45"
"design.dhf.export","server/src/routes/designHistoryFiles.ts","168"
"design.dhf.export","server/src/routes/designHistoryFiles.ts","186"
"design.dhf.generate","server/__tests__/designHistoryFiles.test.ts","133"
"design.dhf.generate","server/index.ts","4641"
"design.dhf.generate","server/src/capabilities.ts","139"
"design.dhf.generate","server/src/designControlAuthorization.ts","43"
"design.dhf.generate","server/src/routes/designHistoryFiles.ts","89"
"design.dhf.preview","server/__tests__/designHistoryFiles.test.ts","132"
"design.dhf.preview","server/index.ts","4640"
"design.dhf.preview","server/src/capabilities.ts","138"
"design.dhf.preview","server/src/routes/designHistoryFiles.ts","78"
"design.dhf.verify","server/__tests__/designHistoryFiles.test.ts","135"
"design.dhf.verify","server/index.ts","4644"
"design.dhf.verify","server/src/capabilities.ts","142"
"design.dhf.verify","server/src/designControlAuthorization.ts","46"
"design.dhf.verify","server/src/routes/designHistoryFiles.ts","151"
"design.dhf.verify","server/src/routes/designHistoryFiles.ts","207"
"design.dhf.view","server/__tests__/designHistoryFiles.test.ts","131"
"design.dhf.view","server/index.ts","4639"
"design.dhf.view","server/src/capabilities.ts","137"
"design.dhf.view","server/src/designControlAuthorization.ts","42"
"design.dhf.view","server/src/routes/designHistoryFiles.ts","114"
"design.dhf.view","server/src/routes/designHistoryFiles.ts","121"
"design.dhf.view","server/src/routes/designHistoryFiles.ts","128"
"design.dhf.view","server/src/routes/designHistoryFiles.ts","135"
"design.dhf.view","server/src/routes/designHistoryFiles.ts","142"
"design.forms.approve","client/src/components/design-control/ProjectFormInstancesPanel.tsx","537"
"design.forms.approve","migrations/0213_design_control_project_form_instances.sql","208"
"design.forms.approve","server/__tests__/projectFormInstances.test.ts","335"
"design.forms.approve","server/index.ts","4577"
"design.forms.approve","server/src/capabilities.ts","75"
"design.forms.approve","server/src/designControlAuthorization.ts","37"
"design.forms.approve","server/src/routes/projectForms.ts","359"
"design.forms.approve","server/src/services/projectFormInstanceService.ts","669"
"design.forms.create","client/src/components/design-control/ProjectFormInstancesPanel.tsx","418"
"design.forms.create","client/src/components/design-control/ProjectFormInstancesPanel.tsx","438"
"design.forms.create","migrations/0213_design_control_project_form_instances.sql","205"
"design.forms.create","server/__tests__/projectFormInstances.test.ts","332"
"design.forms.create","server/index.ts","4574"
"design.forms.create","server/src/capabilities.ts","72"
"design.forms.create","server/src/routes/projectForms.ts","171"
"design.forms.edit","client/src/components/design-control/ProjectFormInstancesPanel.tsx","456"
"design.forms.edit","client/src/components/design-control/ProjectFormInstancesPanel.tsx","470"
"design.forms.edit","migrations/0213_design_control_project_form_instances.sql","206"
"design.forms.edit","server/__tests__/projectFormInstances.test.ts","333"
"design.forms.edit","server/index.ts","4575"
"design.forms.edit","server/src/capabilities.ts","73"
"design.forms.edit","server/src/designControlAuthorization.ts","36"
"design.forms.edit","server/src/routes/projectForms.ts","204"
"design.forms.edit","server/src/routes/projectForms.ts","306"
"design.forms.submit","client/src/components/design-control/ProjectFormInstancesPanel.tsx","502"
"design.forms.submit","migrations/0213_design_control_project_form_instances.sql","207"
"design.forms.submit","server/__tests__/projectFormInstances.test.ts","334"
"design.forms.submit","server/index.ts","4576"
"design.forms.submit","server/src/capabilities.ts","74"
"design.forms.submit","server/src/routes/projectForms.ts","226"
"design.forms.submit","server/src/routes/projectForms.ts","244"
"design.forms.supersede","client/src/components/design-control/ProjectFormInstancesPanel.tsx","635"
"design.forms.supersede","migrations/0213_design_control_project_form_instances.sql","210"
"design.forms.supersede","server/__tests__/projectFormInstances.test.ts","337"
"design.forms.supersede","server/index.ts","4579"
"design.forms.supersede","server/src/capabilities.ts","77"
"design.forms.supersede","server/src/routes/projectForms.ts","379"
"design.forms.upload_paper","client/src/components/design-control/ProjectFormInstancesPanel.tsx","485"
"design.forms.upload_paper","migrations/0213_design_control_project_form_instances.sql","209"
"design.forms.upload_paper","server/__tests__/projectFormInstances.test.ts","336"
"design.forms.upload_paper","server/index.ts","4578"
"design.forms.upload_paper","server/src/capabilities.ts","76"
"design.forms.upload_paper","server/src/routes/projectForms.ts","312"
"design.forms.view","migrations/0213_design_control_project_form_instances.sql","204"
"design.forms.view","server/__tests__/projectFormInstances.test.ts","331"
"design.forms.view","server/__tests__/projectFormTemplateReadinessUi.test.ts","15"
"design.forms.view","server/index.ts","4573"
"design.forms.view","server/src/capabilities.ts","71"
"design.forms.view","server/src/designControlAuthorization.ts","35"
"design.forms.view","server/src/routes/projectForms.ts","126"
"design.forms.view","server/src/routes/projectForms.ts","137"
"design.forms.view","server/src/routes/projectForms.ts","148"
"design.forms.view","server/src/routes/projectForms.ts","159"
"design.forms.view","server/src/routes/projectForms.ts","193"
"design.forms.view","server/src/routes/projectForms.ts","318"
"design.forms.view","server/src/routes/projectForms.ts","335"
"design.release","client/src/__tests__/designControlStructuredWorkspace.client.test.tsx","70"
"design.release","client/src/features/design-control/EngineeringReleaseGatePanel.tsx","189"
"design.release","migrations/0208_design_control_authenticated_approvals.sql","164"
"design.release","migrations/0208_design_control_authenticated_approvals.sql","179"
"design.release","migrations/0208_design_control_authenticated_approvals.sql","192"
"design.release","server/index.ts","4658"
"design.release","server/src/capabilities.ts","156"
"design.release","server/src/designControlAuthorization.ts","16"
"design.release","server/src/routes/qmsDesignControl.ts","1185"
"design.release","shared/designControlWorkflow.ts","194"
"design.release","shared/designControlWorkflow.ts","200"
"design.release","shared/designControlWorkflow.ts","206"
"design.release","shared/designControlWorkflow.ts","212"
"design.requirement.approve","migrations/0208_design_control_authenticated_approvals.sql","160"
"design.requirement.approve","migrations/0208_design_control_authenticated_approvals.sql","178"
"design.requirement.approve","migrations/0208_design_control_authenticated_approvals.sql","188"
"design.requirement.approve","server/index.ts","4654"
"design.requirement.approve","server/src/capabilities.ts","152"
"design.requirement.approve","shared/designControlWorkflow.ts","93"
"design.requirement.approve","shared/designControlWorkflow.ts","98"
"design.requirement.approve","shared/designControlWorkflow.ts","103"
"design.risk.accept","migrations/0208_design_control_authenticated_approvals.sql","161"
"design.risk.accept","migrations/0208_design_control_authenticated_approvals.sql","178"
"design.risk.accept","migrations/0208_design_control_authenticated_approvals.sql","188"
"design.risk.accept","server/index.ts","4655"
"design.risk.accept","server/src/capabilities.ts","153"
"design.risk.accept","shared/designControlWorkflow.ts","108"
"design.risk.accept","shared/designControlWorkflow.ts","113"
"design.validate","migrations/0208_design_control_authenticated_approvals.sql","163"
"design.validate","migrations/0208_design_control_authenticated_approvals.sql","179"
"design.validate","migrations/0208_design_control_authenticated_approvals.sql","191"
"design.validate","server/index.ts","4657"
"design.validate","server/src/capabilities.ts","155"
"design.validate","server/src/designControlAuthorization.ts","15"
"design.validate","server/src/designControlAuthorization.ts","63"
"design.validate","shared/designControlWorkflow.ts","158"
"design.validate","shared/designControlWorkflow.ts","163"
"design.validate","shared/designControlWorkflow.ts","168"
"design.verify","migrations/0208_design_control_authenticated_approvals.sql","162"
"design.verify","migrations/0208_design_control_authenticated_approvals.sql","179"
"design.verify","migrations/0208_design_control_authenticated_approvals.sql","190"
"design.verify","server/index.ts","4656"
"design.verify","server/src/capabilities.ts","154"
"design.verify","server/src/designControlAuthorization.ts","14"
"design.verify","server/src/designControlAuthorization.ts","63"
"design.verify","shared/designControlWorkflow.ts","153"
"diagnostic.txt","server/replit_integrations/object_storage/routes.ts","81"
"document_version_history.checksum_status","server/__tests__/controlledDocumentSchemaReadiness.test.ts","107"
"document_version_history.checksum_status","server/__tests__/controlledDocumentSchemaReadiness.test.ts","127"
"document_version_history.checksum_status","server/src/services/controlledDocumentReconciliationService.ts","158"
"document_version_history.checksum_status","server/src/services/controlledDocumentSchemaReadiness.ts","69"
"document_version_history.file_checksum","server/__tests__/controlledDocumentSchemaReadiness.test.ts","106"
"document_version_history.file_checksum","server/__tests__/controlledDocumentSchemaReadiness.test.ts","126"
"document_version_history.file_checksum","server/src/services/controlledDocumentReconciliationService.ts","157"
"document_version_history.file_checksum","server/src/services/controlledDocumentSchemaReadiness.ts","68"
"document_version_history.lifecycle_status","server/__tests__/controlledDocumentSchemaReadiness.test.ts","105"
"document_version_history.lifecycle_status","server/__tests__/controlledDocumentSchemaReadiness.test.ts","125"
"document_version_history.lifecycle_status","server/src/services/controlledDocumentReconciliationService.ts","159"
"document_version_history.lifecycle_status","server/src/services/controlledDocumentSchemaReadiness.ts","67"
"document_version_history.revision_sequence","server/__tests__/controlledDocumentSchemaReadiness.test.ts","104"
"document_version_history.revision_sequence","server/__tests__/controlledDocumentSchemaReadiness.test.ts","124"
"document_version_history.revision_sequence","server/src/services/controlledDocumentSchemaReadiness.ts","66"
"document.pdf","client/src/components/P2POManager.tsx","1015"
"document.pdf","client/src/pages/ReferenceDocsPage.tsx","484"
"document.pdf","server/__tests__/mediaDownloadRoute.test.ts","78"
"documents.approve","client/src/pages/MasterDocumentRegister.tsx","368"
"documents.approve","migrations/0210_master_document_control_hardening.sql","232"
"documents.approve","server/__tests__/controlledDocumentLifecycleHardening.test.ts","70"
"documents.approve","server/__tests__/controlledDocumentPhase2Postgres.test.ts","304"
"documents.approve","server/__tests__/controlledDocumentReleasedRevisionAccess.test.ts","65"
"documents.approve","server/__tests__/controlledDocumentReleasedRevisionAccess.test.ts","67"
"documents.approve","server/index.ts","4554"
"documents.approve","server/index.ts","4866"
"documents.approve","server/src/capabilities.ts","50"
"documents.approve","server/src/routes/controlledDocuments.ts","400"
"documents.approve","server/src/routes/controlledDocuments.ts","402"
"documents.approve","server/src/routes/controlledDocuments.ts","1819"
"documents.approve","server/src/routes/controlledDocuments.ts","1852"
"documents.approve","server/src/routes/controlledDocuments.ts","1910"
"documents.approve","server/src/routes/controlledDocuments.ts","1940"
"documents.approve","server/src/routes/controlledDocuments.ts","2154"
"documents.approve","server/src/services/controlledDocumentLifecycleService.ts","93"
"documents.approve","server/src/services/controlledDocumentLifecycleService.ts","97"
"documents.approve","server/src/services/controlledDocumentLifecycleService.ts","101"
"documents.approve","server/src/services/controlledDocumentLifecycleService.ts","925"
"documents.approve","server/src/services/controlledDocumentLifecycleService.ts","1213"
"documents.controlled_copy.admin","server/__tests__/controlledPrintedCopies.test.ts","133"
"documents.controlled_copy.admin","server/index.ts","4638"
"documents.controlled_copy.admin","server/src/capabilities.ts","136"
"documents.controlled_copy.admin","server/src/designControlAuthorization.ts","52"
"documents.controlled_copy.admin","server/src/routes/controlledPrintedCopies.ts","61"
"documents.controlled_copy.admin","server/src/routes/controlledPrintedCopies.ts","217"
"documents.controlled_copy.admin","server/src/routes/controlledPrintedCopies.ts","294"
"documents.controlled_copy.admin","server/src/routes/designControlFormTemplates.ts","100"
"documents.controlled_copy.destroy","server/__tests__/controlledPrintedCopies.test.ts","131"
"documents.controlled_copy.destroy","server/index.ts","4636"
"documents.controlled_copy.destroy","server/src/capabilities.ts","134"
"documents.controlled_copy.destroy","server/src/routes/controlledPrintedCopies.ts","213"
"documents.controlled_copy.issue","server/__tests__/controlledPrintedCopies.test.ts","129"
"documents.controlled_copy.issue","server/index.ts","4633"
"documents.controlled_copy.issue","server/src/capabilities.ts","131"
"documents.controlled_copy.issue","server/src/designControlAuthorization.ts","40"
"documents.controlled_copy.issue","server/src/designControlAuthorization.ts","68"
"documents.controlled_copy.issue","server/src/routes/controlledPrintedCopies.ts","95"
"documents.controlled_copy.issue","server/src/routes/controlledPrintedCopies.ts","273"
"documents.controlled_copy.reconcile","server/index.ts","4635"
"documents.controlled_copy.reconcile","server/src/capabilities.ts","133"
"documents.controlled_copy.reconcile","server/src/designControlAuthorization.ts","41"
"documents.controlled_copy.reconcile","server/src/routes/controlledPrintedCopies.ts","225"
"documents.controlled_copy.reconcile","server/src/routes/controlledPrintedCopies.ts","254"
"documents.controlled_copy.report_lost","server/__tests__/controlledPrintedCopies.test.ts","132"
"documents.controlled_copy.report_lost","server/index.ts","4637"
"documents.controlled_copy.report_lost","server/src/capabilities.ts","135"
"documents.controlled_copy.report_lost","server/src/routes/controlledPrintedCopies.ts","221"
"documents.controlled_copy.return","server/__tests__/controlledPrintedCopies.test.ts","130"
"documents.controlled_copy.return","server/index.ts","4634"
"documents.controlled_copy.return","server/src/capabilities.ts","132"
"documents.controlled_copy.return","server/src/routes/controlledPrintedCopies.ts","179"
"documents.controlled_copy.return","server/src/routes/controlledPrintedCopies.ts","209"
"documents.controlled_copy.return","server/src/routes/controlledPrintedCopies.ts","229"
"documents.controlled_copy.view","server/__tests__/controlledPrintedCopies.test.ts","128"
"documents.controlled_copy.view","server/index.ts","4632"
"documents.controlled_copy.view","server/src/capabilities.ts","130"
"documents.controlled_copy.view","server/src/designControlAuthorization.ts","39"
"documents.controlled_copy.view","server/src/routes/controlledPrintedCopies.ts","81"
"documents.controlled_copy.view","server/src/routes/controlledPrintedCopies.ts","112"
"documents.controlled_copy.view","server/src/routes/controlledPrintedCopies.ts","143"
"documents.controlled_copy.view","server/src/routes/controlledPrintedCopies.ts","153"
"documents.controlled_copy.view","server/src/routes/controlledPrintedCopies.ts","172"
"documents.controlled_copy.view","server/src/routes/controlledPrintedCopies.ts","309"
"documents.controlled_copy.view","server/src/routes/controlledPrintedCopies.ts","321"
"documents.create","client/src/pages/MasterDocumentRegister.tsx","367"
"documents.create","migrations/0210_master_document_control_hardening.sql","229"
"documents.create","server/__tests__/controlledDocumentLifecycleHardening.test.ts","67"
"documents.create","server/__tests__/controlledDocumentPhase2Postgres.test.ts","351"
"documents.create","server/index.ts","4556"
"documents.create","server/src/capabilities.ts","47"
"documents.create","server/src/routes/controlledDocuments.ts","1972"
"documents.edit_draft","client/src/pages/MasterDocumentRegister.tsx","367"
"documents.edit_draft","client/src/pages/MasterDocumentRegister.tsx","1835"
"documents.edit_draft","client/src/pages/MasterDocumentRegister.tsx","1871"
"documents.edit_draft","migrations/0210_master_document_control_hardening.sql","230"
"documents.edit_draft","server/__tests__/controlledDocumentLifecycleHardening.test.ts","68"
"documents.edit_draft","server/__tests__/controlledDocumentReleasedRevisionAccess.test.ts","63"
"documents.edit_draft","server/index.ts","4557"
"documents.edit_draft","server/src/capabilities.ts","48"
"documents.edit_draft","server/src/routes/controlledDocuments.ts","402"
"documents.edit_draft","server/src/routes/controlledDocuments.ts","403"
"documents.edit_draft","server/src/routes/controlledDocuments.ts","2072"
"documents.number_admin","client/src/pages/MasterDocumentRegister.tsx","1203"
"documents.number_admin","migrations/0210_master_document_control_hardening.sql","238"
"documents.number_admin","server/__tests__/controlledDocumentLifecycleHardening.test.ts","76"
"documents.number_admin","server/index.ts","4564"
"documents.number_admin","server/src/capabilities.ts","57"
"documents.number_admin","server/src/routes/controlledDocuments.ts","1166"
"documents.number_admin","server/src/routes/controlledDocuments.ts","1183"
"documents.number_admin","server/src/routes/controlledDocuments.ts","2595"
"documents.obsolete","client/src/pages/MasterDocumentRegister.tsx","1973"
"documents.obsolete","migrations/0210_master_document_control_hardening.sql","236"
"documents.obsolete","server/__tests__/controlledDocumentLifecycleHardening.test.ts","74"
"documents.obsolete","server/index.ts","4562"
"documents.obsolete","server/src/capabilities.ts","55"
"documents.obsolete","server/src/routes/controlledDocuments.ts","1839"
"documents.reconciliation_","server/middleware/requirePermission.ts","12"
"documents.reconciliation_execute","client/src/components/ControlledDocumentReconciliationWorkspace.tsx","328"
"documents.reconciliation_execute","server/__tests__/controlledDocumentPhase1BReconciliation.test.ts","240"
"documents.reconciliation_execute","server/index.ts","4567"
"documents.reconciliation_execute","server/src/capabilities.ts","60"
"documents.reconciliation_execute","server/src/routes/controlledDocumentReconciliation.ts","325"
"documents.reconciliation_execute","server/src/routes/controlledDocumentRecovery.ts","905"
"documents.reconciliation_preview","client/src/components/ControlledDocumentReconciliationWorkspace.tsx","301"
"documents.reconciliation_preview","server/__tests__/controlledDocumentPhase1BReconciliation.test.ts","239"
"documents.reconciliation_preview","server/index.ts","4566"
"documents.reconciliation_preview","server/src/capabilities.ts","59"
"documents.reconciliation_preview","server/src/routes/controlledDocumentReconciliation.ts","285"
"documents.reconciliation_resolve","client/src/components/ControlledDocumentReconciliationWorkspace.tsx","339"
"documents.reconciliation_resolve","server/__tests__/controlledDocumentPhase1BReconciliation.test.ts","241"
"documents.reconciliation_resolve","server/index.ts","4568"
"documents.reconciliation_resolve","server/src/capabilities.ts","61"
"documents.reconciliation_resolve","server/src/routes/controlledDocumentReconciliation.ts","580"
"documents.reconciliation_resolve","server/src/routes/controlledDocumentReconciliation.ts","622"
"documents.reconciliation_resolve","server/src/routes/controlledDocumentReconciliation.ts","685"
"documents.reconciliation_resolve","server/src/routes/controlledDocumentReconciliation.ts","771"
"documents.reconciliation_view","client/src/components/ControlledDocumentReconciliationWorkspace.tsx","76"
"documents.reconciliation_view","client/src/components/ControlledDocumentReconciliationWorkspace.tsx","91"
"documents.reconciliation_view","server/__tests__/controlledDocumentPhase1BReconciliation.test.ts","238"
"documents.reconciliation_view","server/index.ts","4565"
"documents.reconciliation_view","server/src/capabilities.ts","58"
"documents.reconciliation_view","server/src/routes/controlledDocumentReconciliation.ts","246"
"documents.reconciliation_view","server/src/routes/controlledDocumentReconciliation.ts","258"
"documents.reconciliation_view","server/src/routes/controlledDocumentReconciliation.ts","274"
"documents.recovery_","server/middleware/requirePermission.ts","13"
"documents.recovery_","server/middleware/requirePermission.ts","17"
"documents.recovery_","server/middleware/requirePermission.ts","20"
"documents.recovery_disposition","client/src/components/ControlledDocumentRecoveryWorkspace.tsx","769"
"documents.recovery_disposition","migrations/0260_controlled_document_source_recovery.sql","10"
"documents.recovery_disposition","server/src/capabilities.ts","66"
"documents.recovery_disposition","server/src/routes/controlledDocumentRecovery.ts","1333"
"documents.recovery_disposition","server/src/routes/controlledDocumentRecovery.ts","1389"
"documents.recovery_execute","client/src/components/ControlledDocumentRecoveryWorkspace.tsx","823"
"documents.recovery_execute","migrations/0260_controlled_document_source_recovery.sql","9"
"documents.recovery_execute","server/src/capabilities.ts","65"
"documents.recovery_execute","server/src/routes/controlledDocumentRecovery.ts","887"
"documents.recovery_execute","server/src/routes/controlledDocumentRecovery.ts","1276"
"documents.recovery_import","client/src/components/ControlledDocumentRecoveryWorkspace.tsx","699"
"documents.recovery_import","migrations/0260_controlled_document_source_recovery.sql","8"
"documents.recovery_import","server/src/capabilities.ts","64"
"documents.recovery_import","server/src/routes/controlledDocumentRecovery.ts","501"
"documents.recovery_preview","client/src/components/ControlledDocumentRecoveryWorkspace.tsx","659"
"documents.recovery_preview","migrations/0260_controlled_document_source_recovery.sql","7"
"documents.recovery_preview","server/src/capabilities.ts","63"
"documents.recovery_preview","server/src/routes/controlledDocumentRecovery.ts","336"
"documents.recovery_view","client/src/components/ControlledDocumentRecoveryWorkspace.tsx","162"
"documents.recovery_view","client/src/components/ControlledDocumentRecoveryWorkspace.tsx","451"
"documents.recovery_view","migrations/0260_controlled_document_source_recovery.sql","6"
"documents.recovery_view","server/src/capabilities.ts","62"
"documents.recovery_view","server/src/routes/controlledDocumentRecovery.ts","274"
"documents.recovery_view","server/src/routes/controlledDocumentRecovery.ts","325"
"documents.recovery_view","server/src/routes/controlledDocumentRecovery.ts","330"
"documents.release","client/src/pages/MasterDocumentRegister.tsx","1958"
"documents.release","migrations/0210_master_document_control_hardening.sql","233"
"documents.release","server/__tests__/controlledDocumentLifecycleHardening.test.ts","71"
"documents.release","server/__tests__/controlledDocumentPhase2Postgres.test.ts","320"
"documents.release","server/__tests__/controlledDocumentPhase2Postgres.test.ts","326"
"documents.release","server/__tests__/controlledDocumentReleasedRevisionAccess.test.ts","65"
"documents.release","server/index.ts","4559"
"documents.release","server/src/capabilities.ts","52"
"documents.release","server/src/routes/controlledDocuments.ts","400"
"documents.release","server/src/routes/controlledDocuments.ts","1826"
"documents.revise","client/src/pages/MasterDocumentRegister.tsx","1849"
"documents.revise","client/src/pages/MasterDocumentRegister.tsx","1872"
"documents.revise","migrations/0210_master_document_control_hardening.sql","234"
"documents.revise","server/__tests__/controlledDocumentLifecycleHardening.test.ts","72"
"documents.revise","server/__tests__/controlledDocumentReleasedRevisionAccess.test.ts","64"
"documents.revise","server/index.ts","4560"
"documents.revise","server/src/capabilities.ts","53"
"documents.revise","server/src/routes/controlledDocuments.ts","402"
"documents.revise","server/src/routes/controlledDocuments.ts","403"
"documents.revise","server/src/routes/controlledDocuments.ts","1691"
"documents.submit","client/src/pages/MasterDocumentRegister.tsx","1567"
"documents.submit","client/src/pages/MasterDocumentRegister.tsx","1900"
"documents.submit","migrations/0210_master_document_control_hardening.sql","231"
"documents.submit","server/__tests__/controlledDocumentLifecycleHardening.test.ts","69"
"documents.submit","server/__tests__/controlledDocumentPhase2Postgres.test.ts","319"
"documents.submit","server/__tests__/controlledDocumentPhase2Postgres.test.ts","326"
"documents.submit","server/index.ts","4558"
"documents.submit","server/src/capabilities.ts","49"
"documents.submit","server/src/routes/controlledDocuments.ts","1812"
"documents.submit","server/src/routes/designControlFormTemplates.ts","198"
"documents.supersede","migrations/0210_master_document_control_hardening.sql","235"
"documents.supersede","server/__tests__/controlledDocumentLifecycleHardening.test.ts","73"
"documents.supersede","server/index.ts","4561"
"documents.supersede","server/src/capabilities.ts","54"
"documents.supersede","server/src/routes/controlledDocuments.ts","1833"
"documents.template.create","client/src/pages/MasterDocumentRegister.tsx","1394"
"documents.template.create","migrations/0211_design_control_form_templates.sql","123"
"documents.template.create","migrations/0211_design_control_form_templates.sql","133"
"documents.template.create","server/__tests__/designControlFormTemplates.test.ts","226"
"documents.template.create","server/index.ts","4569"
"documents.template.create","server/src/capabilities.ts","67"
"documents.template.create","server/src/routes/designControlFormTemplates.ts","160"
"documents.template.obsolete","client/src/pages/MasterDocumentRegister.tsx","1612"
"documents.template.obsolete","migrations/0211_design_control_form_templates.sql","126"
"documents.template.obsolete","migrations/0211_design_control_form_templates.sql","136"
"documents.template.obsolete","server/__tests__/designControlFormTemplates.test.ts","229"
"documents.template.obsolete","server/index.ts","4572"
"documents.template.obsolete","server/src/capabilities.ts","70"
"documents.template.obsolete","server/src/routes/designControlFormTemplates.ts","331"
"documents.template.release","client/src/pages/MasterDocumentRegister.tsx","1582"
"documents.template.release","client/src/pages/MasterDocumentRegister.tsx","1597"
"documents.template.release","migrations/0211_design_control_form_templates.sql","125"
"documents.template.release","migrations/0211_design_control_form_templates.sql","135"
"documents.template.release","server/__tests__/designControlFormTemplates.test.ts","228"
"documents.template.release","server/index.ts","4571"
"documents.template.release","server/src/capabilities.ts","69"
"documents.template.release","server/src/designControlAuthorization.ts","38"
"documents.template.release","server/src/designControlAuthorization.ts","67"
"documents.template.release","server/src/routes/designControlFormTemplates.ts","233"
"documents.template.release","server/src/routes/designControlFormTemplates.ts","269"
"documents.template.revise","client/src/pages/MasterDocumentRegister.tsx","1550"
"documents.template.revise","migrations/0211_design_control_form_templates.sql","124"
"documents.template.revise","migrations/0211_design_control_form_templates.sql","134"
"documents.template.revise","server/__tests__/designControlFormTemplates.test.ts","227"
"documents.template.revise","server/index.ts","4570"
"documents.template.revise","server/src/capabilities.ts","68"
"documents.template.revise","server/src/routes/designControlFormTemplates.ts","177"
"documents.view","client/src/config/userPermissions.ts","46"
"documents.view","migrations/0210_master_document_control_hardening.sql","228"
"documents.view","migrations/0210_master_document_control_hardening.sql","251"
"documents.view","server/__tests__/controlledDocumentLifecycleHardening.test.ts","66"
"documents.view","server/__tests__/controlledDocumentPhase1ACompatibility.test.ts","19"
"documents.view","server/__tests__/controlledDocumentPhase2Postgres.test.ts","332"
"documents.view","server/__tests__/controlledDocumentReleasedRevisionAccess.test.ts","109"
"documents.view","server/index.ts","4555"
"documents.view","server/src/capabilities.ts","46"
"documents.view","server/src/routes/controlledDocuments.ts","875"
"documents.view","server/src/routes/controlledDocuments.ts","1048"
"documents.view","server/src/routes/designControlFormTemplates.ts","134"
"documents.view","server/src/routes/designControlFormTemplates.ts","138"
"documents.view","server/src/routes/designControlFormTemplates.ts","148"
"documents.view","server/src/routes/designControlFormTemplates.ts","378"
"documents.view","server/src/routes/designControlFormTemplates.ts","403"
"documents.view","server/src/routes/designControlFormTemplates.ts","428"
"documents.void","client/src/pages/MasterDocumentRegister.tsx","1991"
"documents.void","migrations/0210_master_document_control_hardening.sql","237"
"documents.void","server/__tests__/controlledDocumentLifecycleHardening.test.ts","75"
"documents.void","server/index.ts","4563"
"documents.void","server/src/capabilities.ts","56"
"documents.void","server/src/routes/controlledDocuments.ts","1845"
"drive.google.com","client/src/components/ControlledDocumentRecoveryWorkspace.tsx","229"
"drizzle.__drizzle_migrations","scripts/audit/production-access-audit.sql","9"
"e.position","server/__tests__/epochSoftwareValidationWizardPhase1Architecture.test.ts","69"
"employees.manage_qualifications","server/index.ts","4667"
"employees.manage_qualifications","server/index.ts","4875"
"employees.manage_qualifications","server/src/capabilities.ts","159"
"employees.manage_qualifications","server/src/routes/employeeQualifications.ts","38"
"employees.manage_qualifications","server/src/routes/employeeQualifications.ts","68"
"employees.routes","server/src/routes/employees.ts","540"
"employees.routes","server/src/routes/employees.ts","1727"
"employees.routes","server/src/routes/employees.ts","1755"
"engineering.ecn.admin","client/src/components/design-control/EngineeringChangeNoticeWorkspace.tsx","610"
"engineering.ecn.admin","server/__tests__/engineeringChangeNotices.test.ts","302"
"engineering.ecn.admin","server/index.ts","4595"
"engineering.ecn.admin","server/src/capabilities.ts","93"
"engineering.ecn.admin","server/src/designControlAuthorization.ts","51"
"engineering.ecn.admin","server/src/routes/engineeringChangeNotices.ts","288"
"engineering.ecn.admin","server/src/routes/engineeringChangeNotices.ts","309"
"engineering.ecn.admin","server/src/routes/engineeringChangeNotices.ts","387"
"engineering.ecn.admin","server/src/services/engineeringChangeNoticeService.ts","1372"
"engineering.ecn.admin","server/src/services/engineeringChangeNoticeService.ts","1488"
"engineering.ecn.admin","server/src/services/engineeringChangeNoticeService.ts","1751"
"engineering.ecn.approve","client/src/components/design-control/EngineeringChangeNoticeWorkspace.tsx","533"
"engineering.ecn.approve","server/__tests__/engineeringChangeNotices.test.ts","298"
"engineering.ecn.approve","server/index.ts","4591"
"engineering.ecn.approve","server/src/capabilities.ts","89"
"engineering.ecn.approve","server/src/designControlAuthorization.ts","33"
"engineering.ecn.approve","server/src/routes/engineeringChangeNotices.ts","238"
"engineering.ecn.approve","server/src/routes/engineeringChangeNotices.ts","259"
"engineering.ecn.approve","server/src/routes/engineeringChangeNotices.ts","299"
"engineering.ecn.approve","server/src/routes/engineeringChangeNotices.ts","304"
"engineering.ecn.approve","server/src/services/engineeringChangeNoticeService.ts","1011"
"engineering.ecn.approve","server/src/services/engineeringChangeNoticeService.ts","1053"
"engineering.ecn.approve","server/src/services/engineeringChangeNoticeService.ts","1207"
"engineering.ecn.approve","server/src/services/engineeringChangeNoticeService.ts","1368"
"engineering.ecn.approve","server/src/services/engineeringChangeNoticeService.ts","1370"
"engineering.ecn.approve","server/src/services/engineeringChangeNoticeService.ts","1489"
"engineering.ecn.create","client/src/components/design-control/EngineeringChangeNoticeWorkspace.tsx","307"
"engineering.ecn.create","server/__tests__/engineeringChangeNotices.test.ts","295"
"engineering.ecn.create","server/index.ts","4588"
"engineering.ecn.create","server/src/capabilities.ts","86"
"engineering.ecn.create","server/src/designControlAuthorization.ts","32"
"engineering.ecn.create","server/src/routes/engineeringChangeNotices.ts","138"
"engineering.ecn.create","server/src/services/engineeringChangeNoticeService.ts","356"
"engineering.ecn.edit","client/src/components/design-control/EngineeringChangeNoticeWorkspace.tsx","463"
"engineering.ecn.edit","client/src/components/design-control/EngineeringChangeNoticeWorkspace.tsx","508"
"engineering.ecn.edit","server/__tests__/engineeringChangeNotices.test.ts","296"
"engineering.ecn.edit","server/index.ts","4589"
"engineering.ecn.edit","server/src/capabilities.ts","87"
"engineering.ecn.edit","server/src/routes/engineeringChangeNotices.ts","153"
"engineering.ecn.edit","server/src/routes/engineeringChangeNotices.ts","158"
"engineering.ecn.edit","server/src/routes/engineeringChangeNotices.ts","165"
"engineering.ecn.edit","server/src/routes/engineeringChangeNotices.ts","184"
"engineering.ecn.edit","server/src/routes/engineeringChangeNotices.ts","200"
"engineering.ecn.edit","server/src/routes/engineeringChangeNotices.ts","249"
"engineering.ecn.edit","server/src/routes/engineeringChangeNotices.ts","337"
"engineering.ecn.edit","server/src/services/engineeringChangeNoticeService.ts","490"
"engineering.ecn.edit","server/src/services/engineeringChangeNoticeService.ts","556"
"engineering.ecn.edit","server/src/services/engineeringChangeNoticeService.ts","621"
"engineering.ecn.edit","server/src/services/engineeringChangeNoticeService.ts","737"
"engineering.ecn.edit","server/src/services/engineeringChangeNoticeService.ts","1347"
"engineering.ecn.edit","server/src/services/engineeringChangeNoticeService.ts","1543"
"engineering.ecn.implement","client/src/components/design-control/EngineeringChangeNoticeWorkspace.tsx","544"
"engineering.ecn.implement","client/src/components/design-control/EngineeringChangeNoticeWorkspace.tsx","557"
"engineering.ecn.implement","client/src/components/design-control/EngineeringChangeNoticeWorkspace.tsx","595"
"engineering.ecn.implement","server/__tests__/engineeringChangeNotices.test.ts","299"
"engineering.ecn.implement","server/index.ts","4592"
"engineering.ecn.implement","server/src/capabilities.ts","90"
"engineering.ecn.implement","server/src/designControlAuthorization.ts","34"
"engineering.ecn.implement","server/src/routes/engineeringChangeNotices.ts","189"
"engineering.ecn.implement","server/src/routes/engineeringChangeNotices.ts","207"
"engineering.ecn.implement","server/src/routes/engineeringChangeNotices.ts","264"
"engineering.ecn.implement","server/src/routes/engineeringChangeNotices.ts","271"
"engineering.ecn.implement","server/src/routes/engineeringChangeNotices.ts","278"
"engineering.ecn.implement","server/src/routes/engineeringChangeNotices.ts","283"
"engineering.ecn.implement","server/src/services/engineeringChangeNoticeService.ts","680"
"engineering.ecn.implement","server/src/services/engineeringChangeNoticeService.ts","786"
"engineering.ecn.implement","server/src/services/engineeringChangeNoticeService.ts","1352"
"engineering.ecn.implement","server/src/services/engineeringChangeNoticeService.ts","1363"
"engineering.ecn.implement","server/src/services/engineeringChangeNoticeService.ts","1366"
"engineering.ecn.implement","server/src/services/engineeringChangeNoticeService.ts","1379"
"engineering.ecn.submit","client/src/components/design-control/EngineeringChangeNoticeWorkspace.tsx","522"
"engineering.ecn.submit","server/__tests__/engineeringChangeNotices.test.ts","297"
"engineering.ecn.submit","server/index.ts","4590"
"engineering.ecn.submit","server/src/capabilities.ts","88"
"engineering.ecn.submit","server/src/routes/engineeringChangeNotices.ts","254"
"engineering.ecn.submit","server/src/services/engineeringChangeNoticeService.ts","866"
"engineering.ecn.validate","client/src/components/design-control/EngineeringChangeNoticeWorkspace.tsx","584"
"engineering.ecn.validate","server/__tests__/engineeringChangeNotices.test.ts","301"
"engineering.ecn.validate","server/index.ts","4594"
"engineering.ecn.validate","server/src/capabilities.ts","92"
"engineering.ecn.validate","server/src/routes/engineeringChangeNotices.ts","231"
"engineering.ecn.validate","server/src/services/engineeringChangeNoticeService.ts","1135"
"engineering.ecn.verify","client/src/components/design-control/EngineeringChangeNoticeWorkspace.tsx","573"
"engineering.ecn.verify","server/__tests__/engineeringChangeNotices.test.ts","300"
"engineering.ecn.verify","server/index.ts","4593"
"engineering.ecn.verify","server/src/capabilities.ts","91"
"engineering.ecn.verify","server/src/routes/engineeringChangeNotices.ts","219"
"engineering.ecn.verify","server/src/services/engineeringChangeNoticeService.ts","1134"
"engineering.ecn.view","server/__tests__/engineeringChangeNotices.test.ts","294"
"engineering.ecn.view","server/index.ts","4587"
"engineering.ecn.view","server/src/capabilities.ts","85"
"engineering.ecn.view","server/src/designControlAuthorization.ts","31"
"engineering.ecn.view","server/src/routes/engineeringChangeNotices.ts","133"
"engineering.ecn.view","server/src/routes/engineeringChangeNotices.ts","143"
"engineering.ecn.view","server/src/routes/engineeringChangeNotices.ts","148"
"engineering.ecn.view","server/src/routes/engineeringChangeNotices.ts","314"
"engineering.ecn.view","server/src/routes/engineeringChangeNotices.ts","319"
"engineering.ecn.view","server/src/services/engineeringChangeNoticeService.ts","1601"
"engineering.ecr.admin","client/src/components/design-control/EngineeringChangeRequestRegister.tsx","525"
"engineering.ecr.admin","server/__tests__/engineeringChangeRequests.test.ts","222"
"engineering.ecr.admin","server/index.ts","4586"
"engineering.ecr.admin","server/src/capabilities.ts","84"
"engineering.ecr.admin","server/src/designControlAuthorization.ts","50"
"engineering.ecr.admin","server/src/routes/engineeringChangeRequests.ts","198"
"engineering.ecr.admin","server/src/routes/engineeringChangeRequests.ts","276"
"engineering.ecr.admin","server/src/services/engineeringChangeRequestService.ts","807"
"engineering.ecr.admin","server/src/services/engineeringChangeRequestService.ts","895"
"engineering.ecr.create","client/src/components/design-control/EngineeringChangeRequestRegister.tsx","292"
"engineering.ecr.create","server/__tests__/engineeringChangeRequests.test.ts","217"
"engineering.ecr.create","server/index.ts","4581"
"engineering.ecr.create","server/src/capabilities.ts","79"
"engineering.ecr.create","server/src/designControlAuthorization.ts","28"
"engineering.ecr.create","server/src/routes/engineeringChangeRequests.ts","129"
"engineering.ecr.create","server/src/services/changeControlService.ts","1248"
"engineering.ecr.create","server/src/services/changeControlService.ts","1252"
"engineering.ecr.create","server/src/services/engineeringChangeRequestService.ts","245"
"engineering.ecr.disposition","client/src/components/design-control/EngineeringChangeRequestRegister.tsx","487"
"engineering.ecr.disposition","server/__tests__/engineeringChangeRequests.test.ts","221"
"engineering.ecr.disposition","server/index.ts","4585"
"engineering.ecr.disposition","server/src/capabilities.ts","83"
"engineering.ecr.disposition","server/src/designControlAuthorization.ts","30"
"engineering.ecr.disposition","server/src/routes/engineeringChangeRequests.ts","183"
"engineering.ecr.disposition","server/src/routes/engineeringChangeRequests.ts","188"
"engineering.ecr.disposition","server/src/routes/engineeringChangeRequests.ts","193"
"engineering.ecr.disposition","server/src/services/engineeringChangeRequestService.ts","715"
"engineering.ecr.disposition","server/src/services/engineeringChangeRequestService.ts","793"
"engineering.ecr.disposition","server/src/services/engineeringChangeRequestService.ts","800"
"engineering.ecr.edit","client/src/components/design-control/EngineeringChangeRequestRegister.tsx","419"
"engineering.ecr.edit","server/__tests__/engineeringChangeRequests.test.ts","218"
"engineering.ecr.edit","server/index.ts","4582"
"engineering.ecr.edit","server/src/capabilities.ts","80"
"engineering.ecr.edit","server/src/routes/engineeringChangeRequests.ts","139"
"engineering.ecr.edit","server/src/routes/engineeringChangeRequests.ts","144"
"engineering.ecr.edit","server/src/routes/engineeringChangeRequests.ts","149"
"engineering.ecr.edit","server/src/routes/engineeringChangeRequests.ts","226"
"engineering.ecr.edit","server/src/services/engineeringChangeRequestService.ts","310"
"engineering.ecr.edit","server/src/services/engineeringChangeRequestService.ts","367"
"engineering.ecr.edit","server/src/services/engineeringChangeRequestService.ts","837"
"engineering.ecr.review","client/src/components/design-control/EngineeringChangeRequestRegister.tsx","476"
"engineering.ecr.review","client/src/components/design-control/EngineeringChangeRequestRegister.tsx","536"
"engineering.ecr.review","server/__tests__/engineeringChangeRequests.test.ts","220"
"engineering.ecr.review","server/index.ts","4584"
"engineering.ecr.review","server/src/capabilities.ts","82"
"engineering.ecr.review","server/src/designControlAuthorization.ts","29"
"engineering.ecr.review","server/src/designControlAuthorization.ts","64"
"engineering.ecr.review","server/src/routes/engineeringChangeRequests.ts","173"
"engineering.ecr.review","server/src/routes/engineeringChangeRequests.ts","178"
"engineering.ecr.review","server/src/services/engineeringChangeRequestService.ts","577"
"engineering.ecr.review","server/src/services/engineeringChangeRequestService.ts","586"
"engineering.ecr.review","server/src/services/engineeringChangeRequestService.ts","629"
"engineering.ecr.submit","client/src/components/design-control/EngineeringChangeRequestRegister.tsx","465"
"engineering.ecr.submit","server/__tests__/engineeringChangeRequests.test.ts","219"
"engineering.ecr.submit","server/index.ts","4583"
"engineering.ecr.submit","server/src/capabilities.ts","81"
"engineering.ecr.submit","server/src/routes/engineeringChangeRequests.ts","168"
"engineering.ecr.submit","server/src/services/engineeringChangeRequestService.ts","446"
"engineering.ecr.view","server/__tests__/engineeringChangeRequests.test.ts","216"
"engineering.ecr.view","server/index.ts","4580"
"engineering.ecr.view","server/src/capabilities.ts","78"
"engineering.ecr.view","server/src/designControlAuthorization.ts","27"
"engineering.ecr.view","server/src/routes/engineeringChangeRequests.ts","124"
"engineering.ecr.view","server/src/routes/engineeringChangeRequests.ts","134"
"engineering.ecr.view","server/src/routes/engineeringChangeRequests.ts","203"
"engineering.ecr.view","server/src/routes/engineeringChangeRequests.ts","208"
"engineering.ecr.view","server/src/services/engineeringChangeRequestService.ts","936"
"engineering.package.generate","server/index.ts","4647"
"engineering.package.generate","server/src/capabilities.ts","145"
"engineering.package.generate","server/src/routes/engineeringReleases.ts","31"
"engineering.package.view","server/index.ts","4646"
"engineering.package.view","server/src/capabilities.ts","144"
"engineering.package.view","server/src/routes/engineeringReleases.ts","16"
"engineering.release_revision","migrations/0130_audit_dcaa_security_section11.sql","195"
"engineering.release_revision","migrations/0130_audit_dcaa_security_section11.sql","220"
"engineering.release_revision","migrations/0130_audit_dcaa_security_section11.sql","227"
"engineering.release_revision","server/index.ts","4670"
"engineering.release_revision","server/src/routes/engineeringControl.ts","266"
"engineering.release_revision","server/src/routes/engineeringControl.ts","413"
"engineering.release_revision","server/src/routes/engineeringControl.ts","450"
"engineering.release_revision","server/src/routes/engineeringControl.ts","483"
"engineering.release_revision","server/src/routes/engineeringControl.ts","519"
"engineering.release_revision","server/src/routes/engineeringControl.ts","556"
"engineering.release_revision","server/src/routes/engineeringControl.ts","604"
"engineering.release_revision","server/src/routes/engineeringControl.ts","651"
"engineering.release.admin","server/index.ts","4631"
"engineering.release.admin","server/src/capabilities.ts","129"
"engineering.release.approve","server/index.ts","4630"
"engineering.release.approve","server/src/capabilities.ts","128"
"engineering.release.approve","server/src/routes/postReleaseEngineeringReleases.ts","141"
"engineering.release.create","server/index.ts","4629"
"engineering.release.create","server/src/capabilities.ts","127"
"engineering.release.create","server/src/routes/postReleaseEngineeringReleases.ts","109"
"engineering.release.create","server/src/routes/postReleaseEngineeringReleases.ts","140"
"engineering.release.preview","server/index.ts","4628"
"engineering.release.preview","server/src/capabilities.ts","126"
"engineering.release.preview","server/src/routes/postReleaseEngineeringReleases.ts","62"
"engineering.release.preview","server/src/routes/postReleaseEngineeringReleases.ts","122"
"engineering.release.view","server/index.ts","4627"
"engineering.release.view","server/src/capabilities.ts","125"
"engineering.release.view","server/src/routes/postReleaseEngineeringReleases.ts","83"
"engineering.release.view","server/src/routes/postReleaseEngineeringReleases.ts","91"
"engineering.release.view","server/src/routes/postReleaseEngineeringReleases.ts","99"
"engineering.route","migrations/0130_audit_dcaa_security_section11.sql","120"
"epoch-change-control-import-template.csv","server/src/routes/changeControl.ts","259"
"epoch.pilot_transition","migrations/0232_p2_v2_controlled_pilot_readiness.sql","170"
"epoch.pilot_transition","server/src/services/projectPilotControlService.ts","250"
"estimating.approve.engineering","migrations/0241_rom_builder_approval_authority.sql","5"
"estimating.approve.engineering","migrations/0241_rom_builder_approval_authority.sql","19"
"estimating.approve.engineering","server/__tests__/romBuilderHardening.test.ts","21"
"estimating.approve.engineering","server/src/routes/estimating.ts","43"
"estimating.approve.estimator","migrations/0241_rom_builder_approval_authority.sql","4"
"estimating.approve.estimator","migrations/0241_rom_builder_approval_authority.sql","17"
"estimating.approve.estimator","server/__tests__/romBuilderHardening.test.ts","20"
"estimating.approve.estimator","server/src/routes/estimating.ts","42"
"estimating.approve.executive","migrations/0241_rom_builder_approval_authority.sql","7"
"estimating.approve.executive","migrations/0241_rom_builder_approval_authority.sql","22"
"estimating.approve.executive","server/__tests__/romBuilderHardening.test.ts","23"
"estimating.approve.executive","server/src/routes/estimating.ts","45"
"estimating.approve.finance","migrations/0241_rom_builder_approval_authority.sql","6"
"estimating.approve.finance","migrations/0241_rom_builder_approval_authority.sql","21"
"estimating.approve.finance","server/__tests__/romBuilderHardening.test.ts","22"
"estimating.approve.finance","server/src/routes/estimating.ts","44"
"estimating.routes","server/src/routes/estimating.ts","747"
"estimating.routes","server/src/routes/estimating.ts","942"
"estimating.routes","server/src/routes/estimating.ts","1001"
"estimating.routes","server/src/routes/estimating.ts","1080"
"estimating.routes","server/src/routes/estimating.ts","1144"
"estimating.routes","server/src/routes/estimating.ts","1176"
"estimating.routes","server/src/routes/estimating.ts","1220"
"estimating.routes","server/src/routes/estimating.ts","1271"
"estimating.routes","server/src/routes/estimating.ts","1315"
"estimating.routes","server/src/routes/estimating.ts","1358"
"events.actor_fk","server/src/services/controlledDocumentSchemaReadiness.ts","185"
"events.actor_user_fk","server/src/services/controlledDocumentSchemaReadiness.ts","387"
"events.approval_fk","server/src/services/controlledDocumentSchemaReadiness.ts","184"
"events.checksum_check","server/src/services/controlledDocumentSchemaReadiness.ts","186"
"events.document_fk","server/src/services/controlledDocumentSchemaReadiness.ts","182"
"events.document_fk","server/src/services/controlledDocumentSchemaReadiness.ts","369"
"events.idempotency_unique","server/src/services/controlledDocumentSchemaReadiness.ts","180"
"events.idempotency_unique","server/src/services/controlledDocumentSchemaReadiness.ts","350"
"events.lifecycle_check","server/src/services/controlledDocumentSchemaReadiness.ts","189"
"events.preview_fk","server/src/services/controlledDocumentSchemaReadiness.ts","360"
"events.primary_key","server/src/services/controlledDocumentSchemaReadiness.ts","179"
"events.primary_key","server/src/services/controlledDocumentSchemaReadiness.ts","340"
"events.reason_check","server/src/services/controlledDocumentSchemaReadiness.ts","188"
"events.request_identity_check","server/src/services/controlledDocumentSchemaReadiness.ts","187"
"events.revision_fk","server/src/services/controlledDocumentSchemaReadiness.ts","183"
"events.revision_fk","server/src/services/controlledDocumentSchemaReadiness.ts","378"
"events.revision_unique","server/src/services/controlledDocumentSchemaReadiness.ts","181"
"evidence.actor_user_fk","server/src/services/controlledDocumentSchemaReadiness.ts","410"
"evidence.confirmed_by_user_fk","server/src/services/controlledDocumentSchemaReadiness.ts","415"
"evidence.document_fk","server/src/services/controlledDocumentSchemaReadiness.ts","392"
"evidence.primary_key","server/src/services/controlledDocumentSchemaReadiness.ts","345"
"evidence.revision_fk","server/src/services/controlledDocumentSchemaReadiness.ts","401"
"example.com","server/__tests__/p2V2OutboundClassifier.test.ts","42"
"example.com","server/__tests__/vendorInternationalContactFields.test.ts","44"
"exported-data.csv","client/src/components/DataDisplay.tsx","41"
"exported-data.csv","docs/github-export-with-rail-update/client/src/components/DataDisplay.tsx","41"
"exported-data.csv","docs/github-export/client/src/components/DataDisplay.tsx","41"
"exported-data.csv","github-export/client/src/components/DataDisplay.tsx","41"
"fake.pdf","server/__tests__/controlledDocumentRecovery.test.ts","147"
"features.metallic_finishes","client/src/components/OrderEntry.tsx","6976"
"features.metallic_finishes","github-export/client/src/components/OrderEntry.tsx","2861"
"features.paint_options","client/src/components/OrderEntry.tsx","6978"
"features.paint_options","github-export/client/src/components/OrderEntry.tsx","2863"
"features.paint_options_combined","client/src/components/OrderEntry.tsx","6979"
"features.paint_options_combined","github-export/client/src/components/OrderEntry.tsx","2864"
"features.rail_accessory","client/src/components/OrderEntry.tsx","6737"
"features.rail_accessory","github-export/client/src/components/OrderEntry.tsx","2634"
"finance.accounting_admin","client/src/components/PaymentManager.tsx","451"
"finance.accounting_admin","migrations/0148_darleneb_payment_permissions.sql","9"
"finance.accounting_admin","migrations/0148_darleneb_payment_permissions.sql","18"
"finance.accounting_admin","migrations/0149_p1_payment_accounting_approval_workflow.sql","9"
"finance.accounting_admin","migrations/0149_p1_payment_accounting_approval_workflow.sql","19"
"finance.accounting_admin","server/index.ts","4690"
"finance.accounting_admin","server/src/middleware/requireAccountingAdmin.ts","17"
"finance.accounting_admin","server/src/routes/orders.ts","2623"
"finance.ar.view","client/src/hooks/usePermissions.ts","17"
"finance.ar.view","server/schema.ts","21091"
"finance.invoice.create","server/middleware/requirePermission.ts","55"
"finance.invoice.delete","client/src/hooks/usePermissions.ts","18"
"finance.manage_payments","client/src/config/userPermissions.ts","23"
"finance.manage_payments","migrations/0148_darleneb_payment_permissions.sql","18"
"finance.manage_payments","migrations/0149_p1_payment_accounting_approval_workflow.sql","29"
"finance.manage_payments","server/index.ts","4689"
"finance.manage_payments","server/index.ts","4909"
"finance.manage_payments","server/index.ts","5146"
"finance.manage_payments","server/middleware/routeAuthorization.ts","286"
"finance.manage_payments","server/src/capabilities.ts","170"
"finance.manage_payments","server/src/routes/arPaymentAttachments.ts","63"
"finance.manage_payments","server/src/routes/arPaymentAttachments.ts","91"
"finance.manage_payments","server/src/routes/arPayments.ts","138"
"finance.manage_payments","server/src/routes/arPayments.ts","190"
"finance.manage_payments","server/src/routes/arPayments.ts","319"
"finance.manage_payments","server/src/routes/arPayments.ts","380"
"finance.manage_payments","server/src/routes/orders.ts","2492"
"finance.manage_payments","server/src/routes/orders.ts","2557"
"finance.manage_payments","server/src/routes/orders.ts","2690"
"finance.manage_payments","server/src/routes/orders.ts","2821"
"finance.manage_payments","server/src/routes/payments.ts","517"
"finance.manage_payments","server/src/routes/payments.ts","696"
"finance.post_invoice","server/index.ts","4687"
"finance.post_invoice","server/src/capabilities.ts","168"
"finance.post_invoice","server/src/routes/arInvoices.ts","627"
"finance.post_invoice","server/src/routes/arInvoices.ts","650"
"finance.post_invoice","server/src/routes/arInvoices.ts","826"
"finance.post_invoice","server/src/routes/arInvoices.ts","943"
"finance.post_invoice","server/src/routes/arInvoices.ts","1228"
"finance.post_invoice","server/src/routes/arInvoices.ts","1891"
"finance.view","client/src/config/userPermissions.ts","24"
"finance.view","server/index.ts","4686"
"finance.view","server/index.ts","4908"
"finance.view","server/middleware/routeAuthorization.ts","287"
"finance.view","server/src/capabilities.ts","167"
"finance.view","server/src/routes/accountingEventMatrix.ts","12"
"finance.view","server/src/routes/arInvoices.ts","130"
"finance.view","server/src/routes/arPaymentAttachments.ts","15"
"finance.view","server/src/routes/arPayments.ts","44"
"finance.void_invoice","server/index.ts","4688"
"finance.void_invoice","server/src/capabilities.ts","169"
"finance.void_invoice","server/src/routes/arInvoices.ts","2040"
"finance.void_invoice","server/src/routes/arInvoices.ts","2221"
"gap-1.5","client/src/pages/EmployeeDetail.tsx","2783"
"ghost.pdf","server/__tests__/mediaDownloadRoute.test.ts","289"
"googleapis.com","server/replit_integrations/object_storage/objectStorage.ts","28"
"gpt-4.1","server/replit_integrations/chat/codebase-chat-routes.ts","202"
"gpt-5.1","packages/training-app/server/replit_integrations/batch/utils.ts","20"
"gpt-5.1","packages/training-app/server/replit_integrations/batch/utils.ts","72"
"gpt-5.1","server/replit_integrations/chat/routes.ts","85"
"gray.0","packages/training-app/client/src/pages/TrainerTraining.tsx","413"
"green.0","packages/training-app/client/src/pages/TrainerTraining.tsx","382"
"green.0","packages/training-app/client/src/pages/TrainerTraining.tsx","479"
"green.0","packages/training-app/client/src/pages/TrainerTraining.tsx","773"
"green.0","packages/training-app/client/src/pages/TrainerTraining.tsx","790"
"green.7","packages/training-app/client/src/pages/TrainerTraining.tsx","774"
"green.7","packages/training-app/client/src/pages/TrainerTraining.tsx","777"
"green.7","packages/training-app/client/src/pages/TrainerTraining.tsx","798"
"green.7","packages/training-app/client/src/pages/TrainerTraining.tsx","802"
"green.8","packages/training-app/client/src/pages/TrainerTraining.tsx","384"
"green.8","packages/training-app/client/src/pages/TrainerTraining.tsx","480"
"html2pdf.js","client/src/components/EnhancedFormRenderer.tsx","3"
"html2pdf.js","client/src/components/EnhancedReportBuilder.tsx","4"
"html2pdf.js","docs/github-export-with-rail-update/client/src/components/EnhancedFormRenderer.tsx","3"
"html2pdf.js","docs/github-export-with-rail-update/client/src/components/EnhancedReportBuilder.tsx","4"
"html2pdf.js","docs/github-export/client/src/components/EnhancedFormRenderer.tsx","3"
"html2pdf.js","docs/github-export/client/src/components/EnhancedReportBuilder.tsx","4"
"html2pdf.js","github-export/client/src/components/EnhancedFormRenderer.tsx","3"
"html2pdf.js","github-export/client/src/components/EnhancedReportBuilder.tsx","4"
"img.barcode","client/src/pages/cutting/CuttingOperatorDashboard.tsx","808"
"img.barcode","client/src/pages/cutting/CuttingOperatorDashboard.tsx","899"
"improvement_notes.create","server/index.ts","4760"
"improvement_notes.create","server/src/capabilities.ts","244"
"improvement_notes.manage","server/index.ts","4761"
"improvement_notes.manage","server/src/capabilities.ts","248"
"improvement_notes.manage","server/src/routes/improvementNotes.ts","100"
"improvement_notes.manage","server/src/routes/improvementNotes.ts","138"
"improvement_notes.view","server/index.ts","4759"
"improvement_notes.view","server/src/capabilities.ts","247"
"improvement_notes.view","server/src/routes/improvementNotes.ts","42"
"index.html","docs/github-export-with-rail-update/server/vite.ts","52"
"index.html","docs/github-export/server/vite.ts","52"
"index.html","github-export/server/vite.ts","52"
"index.html","github-export/server/vite.ts","95"
"index.html","packages/training-app/server/src/app.ts","40"
"index.html","server/vite.ts","58"
"index.html","server/vite.ts","90"
"index.ts","server/__tests__/cuttingPacketBarcodeAlias.test.ts","267"
"index.ts","server/__tests__/qmsChangeControl.test.ts","38"
"information_schema.columns","server/__tests__/controlledDocumentOperationalReferenceReport.test.ts","17"
"information_schema.columns","server/__tests__/controlledDocumentOperationalReferenceReport.test.ts","68"
"information_schema.columns","server/__tests__/migrationSafety.test.ts","448"
"inv.posted_at","server/__tests__/oemDailyInvoiceRun.test.ts","45"
"inv.pricing_ambiguous","server/__tests__/oemDailyInvoiceRun.test.ts","44"
"inv.pricing_mismatch","server/__tests__/oemDailyInvoiceRun.test.ts","43"
"inv.sent_at","server/__tests__/oemDailyInvoiceRun.test.ts","46"
"inventory.adjust","server/index.ts","4693"
"inventory.adjust","server/index.ts","4910"
"inventory.adjust","server/index.ts","4949"
"inventory.adjust","server/src/capabilities.ts","173"
"inventory.adjust","server/src/routes/inventory.ts","301"
"inventory.adjust","server/src/routes/inventory.ts","459"
"inventory.adjust","server/src/routes/inventory.ts","524"
"inventory.adjust","server/src/routes/inventory.ts","621"
"inventory.adjust","server/src/routes/inventory.ts","644"
"inventory.adjust","server/src/routes/inventory.ts","701"
"inventory.adjust","server/src/routes/inventory.ts","752"
"inventory.adjust","server/src/routes/inventory.ts","830"
"inventory.adjust","server/src/routes/inventory.ts","892"
"inventory.adjust","server/src/routes/inventory.ts","988"
"inventory.adjust","server/src/routes/inventory.ts","4549"
"inventory.adjust","server/src/routes/inventory.ts","4564"
"inventory.adjust","server/src/routes/inventory.ts","4580"
"inventory.adjust","server/src/routes/inventory.ts","4987"
"inventory.adjust","server/src/routes/robustBoms.ts","246"
"inventory.approve_high_risk","migrations/0114_inventory_high_risk_approvals.sql","17"
"inventory.approve_high_risk","migrations/0114_inventory_high_risk_approvals.sql","26"
"inventory.approve_high_risk","server/index.ts","4765"
"inventory.approve_high_risk","server/src/capabilities.ts","177"
"inventory.approve_high_risk","server/src/routes/approvals.ts","368"
"inventory.approve_parts_requests","server/index.ts","4695"
"inventory.approve_parts_requests","server/index.ts","4951"
"inventory.approve_parts_requests","server/src/capabilities.ts","175"
"inventory.approve_parts_requests","server/src/routes/inventory.ts","1419"
"inventory.approve_parts_requests","server/src/routes/inventory.ts","1423"
"inventory.manage_requests","server/index.ts","4694"
"inventory.manage_requests","server/index.ts","4911"
"inventory.manage_requests","server/index.ts","4950"
"inventory.manage_requests","server/index.ts","4991"
"inventory.manage_requests","server/src/capabilities.ts","174"
"inventory.manage_requests","server/src/routes/inventory.ts","3005"
"inventory.manage_requests","server/src/routes/inventory.ts","3382"
"inventory.manage_requests","server/src/routes/inventory.ts","3675"
"inventory.traceability.view","migrations/0112_inventory_traceability_capability.sql","7"
"inventory.traceability.view","migrations/0112_inventory_traceability_capability.sql","16"
"inventory.traceability.view","server/index.ts","4764"
"inventory.traceability.view","server/index.ts","4956"
"inventory.traceability.view","server/src/capabilities.ts","176"
"inventory.traceability.view","server/src/routes/traceability.ts","39"
"investigation_308_order_duplication.sql","server/scripts/migrations/runSafeBootMigrations.ts","345"
"javelinbipod.com","database_export_2025-08-13T04-27-34.sql","2372"
"javelinbipod.com","database_export_2025-08-28T21-28-04.sql","2610"
"javelinbipod.com","github-export/database_export_2025-08-28T21-28-04.sql","2610"
"labor.override","migrations/0130_audit_dcaa_security_section11.sql","194"
"labor.override","migrations/0130_audit_dcaa_security_section11.sql","219"
"labor.override","migrations/0130_audit_dcaa_security_section11.sql","226"
"labor.override","server/index.ts","4669"
"leaflet.heat","client/src/pages/OrderHeatMap.tsx","10"
"legacy-evidence.pdf","server/__tests__/p2V2LegacyPreservationPostgres.test.ts","358"
"legacy-evidence.sha256","server/__tests__/p2V2LegacyPreservationPostgres.test.ts","358"
"legacy.pdf","server/__tests__/controlledDocumentRecoveryPostgres.test.ts","249"
"legacy.pdf","server/__tests__/mediaDownloadRoute.test.ts","235"
"lodash.debounce","client/src/components/CustomerSearchInput.tsx","43"
"lodash.debounce","client/src/components/OrderEntry-clean.tsx","3"
"lodash.debounce","client/src/components/OrderEntry.tsx","80"
"lodash.debounce","client/src/components/POManager.tsx","92"
"lodash.debounce","client/src/pages/FieldPage.tsx","8"
"lodash.debounce","docs/github-export-with-rail-update/client/src/components/AddressInput.tsx","26"
"lodash.debounce","docs/github-export-with-rail-update/client/src/components/CustomerSearchInput.tsx","37"
"lodash.debounce","docs/github-export-with-rail-update/client/src/components/OrderEntry-clean.tsx","3"
"lodash.debounce","docs/github-export-with-rail-update/client/src/components/OrderEntry-original.tsx","3"
"lodash.debounce","docs/github-export-with-rail-update/client/src/components/OrderEntry.tsx","3"
"lodash.debounce","docs/github-export-with-rail-update/client/src/components/SimpleAddressInput.tsx","3"
"lodash.debounce","docs/github-export/client/src/components/AddressInput.tsx","26"
"lodash.debounce","docs/github-export/client/src/components/CustomerSearchInput.tsx","37"
"lodash.debounce","docs/github-export/client/src/components/OrderEntry-clean.tsx","3"
"lodash.debounce","docs/github-export/client/src/components/OrderEntry-original.tsx","3"
"lodash.debounce","docs/github-export/client/src/components/OrderEntry.tsx","3"
"lodash.debounce","docs/github-export/client/src/components/SimpleAddressInput.tsx","3"
"lodash.debounce","github-export/client/src/components/AddressInput.tsx","26"
"lodash.debounce","github-export/client/src/components/CustomerSearchInput.tsx","37"
"lodash.debounce","github-export/client/src/components/OrderEntry-clean.tsx","3"
"lodash.debounce","github-export/client/src/components/OrderEntry.tsx","48"
"lodash.debounce","github-export/client/src/components/SimpleAddressInput.tsx","7"
"logo_updated.png","server/src/utils/assetPaths.ts","12"
"logo_updated.png","server/utils/pdf/arInvoicePdf.ts","83"
"logo_updated.png","server/utils/pdf/pdfConfig.ts","302"
"logo_updated.png","server/utils/pdf/salesOrderPdf.ts","82"
"lop_adj_12.5","database_backup_20250813_042552.sql","3527"
"lop_adj_12.5","database_backup_20250813_042552.sql","3550"
"lop_adj_12.5","database_backup_20250813_042552.sql","3923"
"lop_adj_12.5","database_backup_20250813_042552.sql","4023"
"lop_adj_12.5","database_backup_20250813_042552.sql","4024"
"lop_adj_12.5","database_backup_20250813_042552.sql","5474"
"lop_adj_12.5","database_export_2025-08-13T04-27-34.sql","42"
"lop_adj_12.5","database_export_2025-08-13T04-27-34.sql","65"
"lop_adj_12.5","database_export_2025-08-13T04-27-34.sql","481"
"lop_adj_12.5","database_export_2025-08-13T04-27-34.sql","593"
"lop_adj_12.5","database_export_2025-08-13T04-27-34.sql","594"
"lop_adj_12.5","database_export_2025-08-13T04-27-34.sql","2033"
"lop_adj_12.5","database_export_2025-08-28T21-28-04.sql","30"
"lop_adj_12.5","database_export_2025-08-28T21-28-04.sql","45"
"lop_adj_12.5","database_export_2025-08-28T21-28-04.sql","62"
"lop_adj_12.5","database_export_2025-08-28T21-28-04.sql","425"
"lop_adj_12.5","database_export_2025-08-28T21-28-04.sql","506"
"lop_adj_12.5","database_export_2025-08-28T21-28-04.sql","605"
"lop_adj_12.5","database_export_2025-08-28T21-28-04.sql","711"
"lop_adj_12.5","database_export_2025-08-28T21-28-04.sql","712"
"lop_adj_12.5","database_export_2025-08-28T21-28-04.sql","2259"
"lop_adj_12.5","github-export/database_export_2025-08-28T21-28-04.sql","30"
"lop_adj_12.5","github-export/database_export_2025-08-28T21-28-04.sql","45"
"lop_adj_12.5","github-export/database_export_2025-08-28T21-28-04.sql","62"
"lop_adj_12.5","github-export/database_export_2025-08-28T21-28-04.sql","425"
"lop_adj_12.5","github-export/database_export_2025-08-28T21-28-04.sql","506"
"lop_adj_12.5","github-export/database_export_2025-08-28T21-28-04.sql","605"
"lop_adj_12.5","github-export/database_export_2025-08-28T21-28-04.sql","711"
"lop_adj_12.5","github-export/database_export_2025-08-28T21-28-04.sql","712"
"lop_adj_12.5","github-export/database_export_2025-08-28T21-28-04.sql","2259"
"lop_adj_12.75","database_backup_20250813_042552.sql","3957"
"lop_adj_12.75","database_backup_20250813_042552.sql","5474"
"lop_adj_12.75","database_export_2025-08-13T04-27-34.sql","515"
"lop_adj_12.75","database_export_2025-08-13T04-27-34.sql","2033"
"lop_adj_12.75","database_export_2025-08-28T21-28-04.sql","642"
"lop_adj_12.75","database_export_2025-08-28T21-28-04.sql","2259"
"lop_adj_12.75","github-export/database_export_2025-08-28T21-28-04.sql","642"
"lop_adj_12.75","github-export/database_export_2025-08-28T21-28-04.sql","2259"
"lop_adj_13.25","database_backup_20250813_042552.sql","3574"
"lop_adj_13.25","database_backup_20250813_042552.sql","3659"
"lop_adj_13.25","database_backup_20250813_042552.sql","3794"
"lop_adj_13.25","database_backup_20250813_042552.sql","5474"
"lop_adj_13.25","database_export_2025-08-13T04-27-34.sql","89"
"lop_adj_13.25","database_export_2025-08-13T04-27-34.sql","174"
"lop_adj_13.25","database_export_2025-08-13T04-27-34.sql","345"
"lop_adj_13.25","database_export_2025-08-13T04-27-34.sql","2033"
"lop_adj_13.25","database_export_2025-08-28T21-28-04.sql","91"
"lop_adj_13.25","database_export_2025-08-28T21-28-04.sql","165"
"lop_adj_13.25","database_export_2025-08-28T21-28-04.sql","491"
"lop_adj_13.25","database_export_2025-08-28T21-28-04.sql","2259"
"lop_adj_13.25","github-export/database_export_2025-08-28T21-28-04.sql","91"
"lop_adj_13.25","github-export/database_export_2025-08-28T21-28-04.sql","165"
"lop_adj_13.25","github-export/database_export_2025-08-28T21-28-04.sql","491"
"lop_adj_13.25","github-export/database_export_2025-08-28T21-28-04.sql","2259"
"lop_adj_13.75","database_backup_20250813_042552.sql","5474"
"lop_adj_13.75","database_export_2025-08-13T04-27-34.sql","2033"
"lop_adj_13.75","database_export_2025-08-28T21-28-04.sql","2259"
"lop_adj_13.75","github-export/database_export_2025-08-28T21-28-04.sql","2259"
"lop_adj_14.25","database_backup_20250813_042552.sql","5474"
"lop_adj_14.25","database_export_2025-08-13T04-27-34.sql","2033"
"lop_adj_14.25","database_export_2025-08-28T21-28-04.sql","2259"
"lop_adj_14.25","github-export/database_export_2025-08-28T21-28-04.sql","2259"
"lop_adj_14.5","database_backup_20250813_042552.sql","3523"
"lop_adj_14.5","database_backup_20250813_042552.sql","3620"
"lop_adj_14.5","database_backup_20250813_042552.sql","3692"
"lop_adj_14.5","database_backup_20250813_042552.sql","3791"
"lop_adj_14.5","database_backup_20250813_042552.sql","3806"
"lop_adj_14.5","database_backup_20250813_042552.sql","3858"
"lop_adj_14.5","database_backup_20250813_042552.sql","3931"
"lop_adj_14.5","database_backup_20250813_042552.sql","3963"
"lop_adj_14.5","database_backup_20250813_042552.sql","3973"
"lop_adj_14.5","database_backup_20250813_042552.sql","4104"
"lop_adj_14.5","database_backup_20250813_042552.sql","5474"
"lop_adj_14.5","database_backup_20250813_042552.sql","27494"
"lop_adj_14.5","database_export_2025-08-13T04-27-34.sql","38"
"lop_adj_14.5","database_export_2025-08-13T04-27-34.sql","135"
"lop_adj_14.5","database_export_2025-08-13T04-27-34.sql","210"
"lop_adj_14.5","database_export_2025-08-13T04-27-34.sql","342"
"lop_adj_14.5","database_export_2025-08-13T04-27-34.sql","363"
"lop_adj_14.5","database_export_2025-08-13T04-27-34.sql","416"
"lop_adj_14.5","database_export_2025-08-13T04-27-34.sql","489"
"lop_adj_14.5","database_export_2025-08-13T04-27-34.sql","521"
"lop_adj_14.5","database_export_2025-08-13T04-27-34.sql","531"
"lop_adj_14.5","database_export_2025-08-13T04-27-34.sql","694"
"lop_adj_14.5","database_export_2025-08-13T04-27-34.sql","2033"
"lop_adj_14.5","database_export_2025-08-13T04-27-34.sql","24032"
"lop_adj_14.5","database_export_2025-08-28T21-28-04.sql","37"
"lop_adj_14.5","database_export_2025-08-28T21-28-04.sql","142"
"lop_adj_14.5","database_export_2025-08-28T21-28-04.sql","200"
"lop_adj_14.5","database_export_2025-08-28T21-28-04.sql","285"
"lop_adj_14.5","database_export_2025-08-28T21-28-04.sql","296"
"lop_adj_14.5","database_export_2025-08-28T21-28-04.sql","382"
"lop_adj_14.5","database_export_2025-08-28T21-28-04.sql","435"
"lop_adj_14.5","database_export_2025-08-28T21-28-04.sql","544"
"lop_adj_14.5","database_export_2025-08-28T21-28-04.sql","616"
"lop_adj_14.5","database_export_2025-08-28T21-28-04.sql","644"
"lop_adj_14.5","database_export_2025-08-28T21-28-04.sql","653"
"lop_adj_14.5","database_export_2025-08-28T21-28-04.sql","814"
"lop_adj_14.5","database_export_2025-08-28T21-28-04.sql","2259"
"lop_adj_14.5","database_export_2025-08-28T21-28-04.sql","4300"
"lop_adj_14.5","github-export/database_export_2025-08-28T21-28-04.sql","37"
"lop_adj_14.5","github-export/database_export_2025-08-28T21-28-04.sql","142"
"lop_adj_14.5","github-export/database_export_2025-08-28T21-28-04.sql","200"
"lop_adj_14.5","github-export/database_export_2025-08-28T21-28-04.sql","285"
"lop_adj_14.5","github-export/database_export_2025-08-28T21-28-04.sql","296"
"lop_adj_14.5","github-export/database_export_2025-08-28T21-28-04.sql","382"
"lop_adj_14.5","github-export/database_export_2025-08-28T21-28-04.sql","435"
"lop_adj_14.5","github-export/database_export_2025-08-28T21-28-04.sql","544"
"lop_adj_14.5","github-export/database_export_2025-08-28T21-28-04.sql","616"
"lop_adj_14.5","github-export/database_export_2025-08-28T21-28-04.sql","644"
"lop_adj_14.5","github-export/database_export_2025-08-28T21-28-04.sql","653"
"lop_adj_14.5","github-export/database_export_2025-08-28T21-28-04.sql","814"
"lop_adj_14.5","github-export/database_export_2025-08-28T21-28-04.sql","2259"
"lop_adj_14.5","github-export/database_export_2025-08-28T21-28-04.sql","4300"
"lop_adj_14.75","database_backup_20250813_042552.sql","5474"
"lop_adj_14.75","database_export_2025-08-13T04-27-34.sql","2033"
"lop_adj_14.75","database_export_2025-08-28T21-28-04.sql","2259"
"lop_adj_14.75","github-export/database_export_2025-08-28T21-28-04.sql","2259"
"lop_adj_15.25","database_backup_20250813_042552.sql","5474"
"lop_adj_15.25","database_export_2025-08-13T04-27-34.sql","2033"
"lop_adj_15.25","database_export_2025-08-28T21-28-04.sql","2259"
"lop_adj_15.25","github-export/database_export_2025-08-28T21-28-04.sql","2259"
"lop_adj_15.5","database_backup_20250813_042552.sql","5474"
"lop_adj_15.5","database_export_2025-08-13T04-27-34.sql","2033"
"lop_adj_15.5","database_export_2025-08-28T21-28-04.sql","2259"
"lop_adj_15.5","github-export/database_export_2025-08-28T21-28-04.sql","2259"
"lop_adj_15.75","database_backup_20250813_042552.sql","5474"
"lop_adj_15.75","database_export_2025-08-13T04-27-34.sql","2033"
"lop_adj_15.75","database_export_2025-08-28T21-28-04.sql","2259"
"lop_adj_15.75","github-export/database_export_2025-08-28T21-28-04.sql","2259"
"lop_adj_16.25","database_backup_20250813_042552.sql","5474"
"lop_adj_16.25","database_export_2025-08-13T04-27-34.sql","2033"
"lop_adj_16.25","database_export_2025-08-28T21-28-04.sql","2259"
"lop_adj_16.25","github-export/database_export_2025-08-28T21-28-04.sql","2259"
"lop_adj_16.5","database_backup_20250813_042552.sql","3827"
"lop_adj_16.5","database_backup_20250813_042552.sql","5474"
"lop_adj_16.5","database_export_2025-08-13T04-27-34.sql","385"
"lop_adj_16.5","database_export_2025-08-13T04-27-34.sql","2033"
"lop_adj_16.5","database_export_2025-08-28T21-28-04.sql","395"
"lop_adj_16.5","database_export_2025-08-28T21-28-04.sql","2259"
"lop_adj_16.5","github-export/database_export_2025-08-28T21-28-04.sql","395"
"lop_adj_16.5","github-export/database_export_2025-08-28T21-28-04.sql","2259"
"lop_adj_16.75","database_backup_20250813_042552.sql","5474"
"lop_adj_16.75","database_export_2025-08-13T04-27-34.sql","2033"
"lop_adj_16.75","database_export_2025-08-28T21-28-04.sql","2259"
"lop_adj_16.75","github-export/database_export_2025-08-28T21-28-04.sql","2259"
"main.tsx","client/src/main-vanilla.tsx","70"
"main.tsx","docs/github-export-with-rail-update/client/src/main-vanilla.tsx","70"
"main.tsx","docs/github-export/client/src/main-vanilla.tsx","70"
"main.tsx","github-export/client/src/main-vanilla.tsx","70"
"mb-0.5","client/src/components/LayupScheduler.tsx","162"
"mb-0.5","github-export/client/src/components/LayupScheduler.tsx","132"
"mb-0.5","github-export/client/src/components/P2LayupScheduler.tsx","130"
"mb-1.5","client/src/components/LayupScheduler.tsx","147"
"mb-1.5","github-export/client/src/components/LayupScheduler.tsx","117"
"mb-1.5","github-export/client/src/components/P2LayupScheduler.tsx","116"
"migration.0267_reconcile_p18380_persisted_shipment","migrations/0267_reconcile_p18380_persisted_shipment.sql","205"
"mt-0.5","client/src/components/DepartmentTransferSignatureDialog.tsx","222"
"mt-0.5","client/src/components/inventory/InventoryItemsCard.tsx","4187"
"mt-0.5","client/src/components/inventory/VendorPOManager.tsx","180"
"mt-0.5","client/src/components/onboarding/ImmersiveDocumentSigner.tsx","583"
"mt-0.5","client/src/components/p2/P2ProductionQueue.tsx","1490"
"mt-0.5","client/src/components/p2/P2ProductionQueue.tsx","1499"
"mt-0.5","client/src/components/p2/ShipmentSummaryModal.tsx","351"
"mt-0.5","client/src/components/p2/ShipmentSummaryModal.tsx","364"
"mt-0.5","client/src/components/PartRoutingWizard.tsx","4644"
"mt-0.5","client/src/pages/admin/RolesPermissionsPage.tsx","368"
"mt-0.5","client/src/pages/DraftBOMBuilderPage.tsx","5052"
"mt-0.5","client/src/pages/InventoryReceivingControlCenter.tsx","2937"
"mt-0.5","client/src/pages/InventoryTraceabilityPage.tsx","1006"
"mt-0.5","client/src/pages/InvoiceDetailPage.tsx","203"
"mt-0.5","client/src/pages/InvoiceDetailPage.tsx","1166"
"mt-0.5","client/src/pages/MaterialInventoryPage.tsx","1176"
"mt-0.5","client/src/pages/MoveForwardPage.tsx","619"
"mt-0.5","client/src/pages/P2TravelerViewer.tsx","833"
"mt-0.5","client/src/pages/proteus-labs/ProteusPromptDetail.tsx","319"
"mt-0.5","client/src/pages/VaultPage.tsx","947"
"mt-1.5","client/src/pages/DomainTruthInspector.tsx","1556"
"my-0.5","client/src/components/ui/chart.tsx","217"
"my-0.5","docs/github-export-with-rail-update/client/src/components/ui/chart.tsx","217"
"my-0.5","docs/github-export/client/src/components/ui/chart.tsx","217"
"my-0.5","github-export/client/src/components/ui/chart.tsx","217"
"neon.tech","server/src/routes/training.ts","19"
"onboarding.documents.manage","migrations/0125_employee_onboarding_invites.sql","93"
"onboarding.invite.create","migrations/0125_employee_onboarding_invites.sql","89"
"onboarding.private_hr.view","migrations/0125_employee_onboarding_invites.sql","91"
"onboarding.private_payroll.view","migrations/0125_employee_onboarding_invites.sql","92"
"onboarding.review.approve","migrations/0125_employee_onboarding_invites.sql","90"
"opencv.js","client/src/components/DocumentScanner.tsx","56"
"orange.0","packages/training-app/client/src/pages/TrainerToday.tsx","140"
"orange.0","packages/training-app/client/src/pages/TrainerTraining.tsx","392"
"orange.8","packages/training-app/client/src/pages/TrainerToday.tsx","143"
"orange.8","packages/training-app/client/src/pages/TrainerTraining.tsx","394"
"orders.cancel","server/index.ts","4678"
"orders.cancel","server/index.ts","4907"
"orders.cancel","server/src/capabilities.ts","163"
"orders.cancel","server/src/routes/orders.ts","3552"
"orders.create","server/index.ts","4677"
"orders.create","server/index.ts","4906"
"orders.create","server/src/capabilities.ts","162"
"orders.create","server/src/routes/orders.ts","968"
"orders.create","server/src/routes/orders.ts","982"
"orders.create","server/src/routes/orders.ts","1007"
"orders.create","server/src/routes/orders.ts","1747"
"orders.create","server/src/routes/orders.ts","1988"
"orders.department_transfer","server/index.ts","4679"
"orders.department_transfer","server/index.ts","5120"
"orders.department_transfer","server/src/capabilities.ts","164"
"orders.department_transfer","server/src/routes/orders.ts","4151"
"orders.department_transfer","server/src/routes/orders.ts","4175"
"orders.view_list","client/src/config/userPermissions.ts","21"
"orders.view_list","server/index.ts","4680"
"orders.view_list","server/index.ts","5120"
"original.pdf","server/__tests__/controlledDocumentPhase2Postgres.test.ts","790"
"orphan.pdf","server/__tests__/mediaDownloadRoute.test.ts","266"
"p-1.5","client/src/components/LayupScheduler.tsx","161"
"p-1.5","github-export/client/src/components/LayupScheduler.tsx","131"
"p-1.5","github-export/client/src/components/P2LayupScheduler.tsx","129"
"p1-shipped-order-floor-removal-audit.csv","server/__tests__/p1ShippedOrderContainment.test.ts","55"
"p1-shipped-order-floor-removal-audit.csv","server/src/routes/productionQueue.ts","376"
"p2_certificates_of_conformance.material_certifications","server/src/services/certPackageService.ts","364"
"p2_certificates_of_conformance.process_records","server/src/services/certPackageService.ts","371"
"p2_certificates_of_conformance.specifications","server/src/services/certPackageService.ts","387"
"p2_lot_numbers.certificate_upload_url","server/src/services/certPackageService.ts","355"
"p2_work_tasks.traceability_data","client/src/pages/InventoryTraceabilityPage.tsx","142"
"p2_work_tasks.traceability_data","server/scripts/backfillP2UsedPackets.ts","153"
"p2_work_tasks.traceability_data","server/src/services/traceabilityService.ts","207"
"p2_work_tasks.traceability_data","server/src/services/traceabilityService.ts","1222"
"part-specification-sheet-evidence.pdf","server/scripts/renderPartSpecificationSheetEvidence.ts","9"
"pd.original_file_name","server/src/routes/projects.ts","187"
"phase-g-readiness-report.md","server/scripts/phaseGValidation.ts","679"
"phase-g-readiness-report.md","server/scripts/phaseGValidation.ts","711"
"photo.png","server/__tests__/mediaDownloadRoute.test.ts","172"
"photo.png","server/__tests__/mediaDownloadRoute.test.ts","179"
"photo.png","server/__tests__/mediaDownloadRoute.test.ts","189"
"plychart.pdf","server/__tests__/cuttingDocumentsRoute.test.ts","309"
"plychart.pdf","server/__tests__/cuttingDocumentsRoute.test.ts","315"
"plychart.pdf","server/__tests__/cuttingDocumentsRoute.test.ts","341"
"plychart.pdf","server/__tests__/cuttingDocumentsRoute.test.ts","361"
"po_products.stock_model","server/src/routes/layupSchedule.ts","554"
"policy_coverage.csv","server/src/routes/policies.ts","255"
"preview.pdf","server/src/routes/pdfGeneration.ts","64"
"previews.actor_user_fk","server/src/services/controlledDocumentSchemaReadiness.ts","355"
"previews.primary_key","server/src/services/controlledDocumentSchemaReadiness.ts","335"
"procurement.approve_po","migrations/0130_audit_dcaa_security_section11.sql","196"
"procurement.approve_po","migrations/0130_audit_dcaa_security_section11.sql","221"
"procurement.approve_po","migrations/0130_audit_dcaa_security_section11.sql","228"
"procurement.approve_po","server/index.ts","4671"
"product-labels.pdf","server/src/routes/productLabels.ts","596"
"production_orders.specifications.stock_model","server/src/routes/layupSchedule.ts","551"
"projects.approve_closing","server/__tests__/permissionEnforcement.test.ts","614"
"projects.approve_closing","server/__tests__/permissionEnforcement.test.ts","618"
"projects.approve_closing","server/__tests__/projectClosingGate.test.ts","127"
"projects.approve_closing","server/index.ts","4552"
"projects.approve_closing","server/src/capabilities.ts","43"
"projects.approve_closing","server/src/routes/projectClosings.ts","135"
"projects.approve_closing","server/src/routes/projectClosings.ts","139"
"projects.close","server/__tests__/permissionEnforcement.test.ts","571"
"projects.close","server/__tests__/permissionEnforcement.test.ts","575"
"projects.close","server/__tests__/projectClosingGate.test.ts","127"
"projects.close","server/index.ts","4553"
"projects.close","server/src/capabilities.ts","42"
"projects.close","server/src/routes/projectClosings.ts","40"
"projects.close","server/src/routes/projectClosings.ts","48"
"projects.close","server/src/routes/projectClosings.ts","90"
"projects.close","server/src/routes/projectClosings.ts","98"
"projects.close","server/src/routes/projectClosings.ts","185"
"projects.close","server/src/routes/projectClosings.ts","224"
"projects.close","server/src/routes/projectClosings.ts","266"
"projects.close","server/src/routes/projectClosings.ts","274"
"projects.close","server/src/routes/projectClosings.ts","297"
"projects.close","server/src/routes/projectClosings.ts","305"
"projects.close","server/src/routes/projectClosings.ts","323"
"projects.close","server/src/routes/projectClosings.ts","331"
"projects.close","server/src/routes/projectClosings.ts","354"
"projects.close","server/src/routes/projectClosings.ts","362"
"projects.closeout_v2.close","migrations/0225_p2_v2_shipping_project_closeout.sql","216"
"projects.closeout_v2.close","migrations/0225_p2_v2_shipping_project_closeout.sql","232"
"projects.closeout_v2.close","server/src/routes/projectShippingCloseout.ts","435"
"projects.closeout_v2.finance_decide","migrations/0225_p2_v2_shipping_project_closeout.sql","214"
"projects.closeout_v2.finance_decide","migrations/0225_p2_v2_shipping_project_closeout.sql","233"
"projects.closeout_v2.finance_decide","server/src/routes/projectShippingCloseout.ts","410"
"projects.closeout_v2.manage","migrations/0225_p2_v2_shipping_project_closeout.sql","209"
"projects.closeout_v2.manage","migrations/0225_p2_v2_shipping_project_closeout.sql","232"
"projects.closeout_v2.manage","server/src/routes/projectShippingCloseout.ts","367"
"projects.closeout_v2.manage","server/src/routes/projectShippingCloseout.ts","380"
"projects.closeout_v2.manage","server/src/routes/projectShippingCloseout.ts","394"
"projects.closeout_v2.operations_decide","migrations/0225_p2_v2_shipping_project_closeout.sql","212"
"projects.closeout_v2.operations_decide","migrations/0225_p2_v2_shipping_project_closeout.sql","230"
"projects.closeout_v2.operations_decide","server/src/routes/projectShippingCloseout.ts","408"
"projects.closeout_v2.pm_decide","migrations/0225_p2_v2_shipping_project_closeout.sql","210"
"projects.closeout_v2.pm_decide","migrations/0225_p2_v2_shipping_project_closeout.sql","232"
"projects.closeout_v2.pm_decide","server/src/routes/projectShippingCloseout.ts","405"
"projects.closeout_v2.quality_decide","migrations/0225_p2_v2_shipping_project_closeout.sql","211"
"projects.closeout_v2.quality_decide","migrations/0225_p2_v2_shipping_project_closeout.sql","228"
"projects.closeout_v2.quality_decide","server/src/routes/projectShippingCloseout.ts","407"
"projects.closeout_v2.reopen","migrations/0225_p2_v2_shipping_project_closeout.sql","217"
"projects.closeout_v2.reopen","server/src/routes/projectShippingCloseout.ts","455"
"projects.closeout_v2.shipping_decide","migrations/0225_p2_v2_shipping_project_closeout.sql","213"
"projects.closeout_v2.shipping_decide","migrations/0225_p2_v2_shipping_project_closeout.sql","227"
"projects.closeout_v2.shipping_decide","server/src/routes/projectShippingCloseout.ts","409"
"projects.closeout_v2.supply_chain_decide","migrations/0225_p2_v2_shipping_project_closeout.sql","215"
"projects.closeout_v2.supply_chain_decide","migrations/0225_p2_v2_shipping_project_closeout.sql","234"
"projects.closeout_v2.supply_chain_decide","server/src/routes/projectShippingCloseout.ts","411"
"projects.commercial_review.engineering_decide","migrations/0206_project_commercial_stage_reviews.sql","54"
"projects.commercial_review.engineering_decide","migrations/0206_project_commercial_stage_reviews.sql","64"
"projects.commercial_review.engineering_decide","server/src/routes/projectCommercialReviews.ts","193"
"projects.commercial_review.finance_decide","migrations/0206_project_commercial_stage_reviews.sql","57"
"projects.commercial_review.finance_decide","migrations/0206_project_commercial_stage_reviews.sql","67"
"projects.commercial_review.finance_decide","server/src/routes/projectCommercialReviews.ts","197"
"projects.commercial_review.manage","client/src/components/projects/P2V2CommercialReview.tsx","395"
"projects.commercial_review.manage","client/src/components/projects/P2V2CommercialReview.tsx","437"
"projects.commercial_review.manage","client/src/components/projects/P2V2CommercialReview.tsx","450"
"projects.commercial_review.manage","migrations/0206_project_commercial_stage_reviews.sql","52"
"projects.commercial_review.manage","migrations/0206_project_commercial_stage_reviews.sql","63"
"projects.commercial_review.manage","server/src/routes/projectCommercialReviews.ts","127"
"projects.commercial_review.manage","server/src/routes/projectCommercialReviews.ts","147"
"projects.commercial_review.manage","server/src/routes/projectCommercialReviews.ts","172"
"projects.commercial_review.manage","server/src/routes/projectCommercialReviews.ts","226"
"projects.commercial_review.manage","server/src/routes/projectCommercialReviews.ts","246"
"projects.commercial_review.operations_decide","migrations/0206_project_commercial_stage_reviews.sql","56"
"projects.commercial_review.operations_decide","migrations/0206_project_commercial_stage_reviews.sql","66"
"projects.commercial_review.operations_decide","server/src/routes/projectCommercialReviews.ts","196"
"projects.commercial_review.pm_decide","migrations/0206_project_commercial_stage_reviews.sql","53"
"projects.commercial_review.pm_decide","migrations/0206_project_commercial_stage_reviews.sql","63"
"projects.commercial_review.pm_decide","server/src/routes/projectCommercialReviews.ts","189"
"projects.commercial_review.quality_decide","migrations/0206_project_commercial_stage_reviews.sql","55"
"projects.commercial_review.quality_decide","migrations/0206_project_commercial_stage_reviews.sql","65"
"projects.commercial_review.quality_decide","server/src/routes/projectCommercialReviews.ts","195"
"projects.design_applicability.engineering_decide","client/src/components/projects/P2V2DesignApplicability.tsx","144"
"projects.design_applicability.engineering_decide","migrations/0203_project_design_applicability_decisions.sql","53"
"projects.design_applicability.engineering_decide","migrations/0203_project_design_applicability_decisions.sql","62"
"projects.design_applicability.engineering_decide","server/src/routes/projects.ts","2029"
"projects.design_applicability.manage","client/src/components/projects/P2V2DesignApplicability.tsx","142"
"projects.design_applicability.manage","migrations/0203_project_design_applicability_decisions.sql","52"
"projects.design_applicability.manage","migrations/0203_project_design_applicability_decisions.sql","61"
"projects.design_applicability.manage","migrations/0203_project_design_applicability_decisions.sql","62"
"projects.design_applicability.manage","server/src/routes/projects.ts","1963"
"projects.design_applicability.manage","server/src/routes/projects.ts","1983"
"projects.design_applicability.manage","server/src/routes/projects.ts","2009"
"projects.design_applicability.manage","server/src/routes/projects.ts","2085"
"projects.design_applicability.quality_decide","client/src/components/projects/P2V2DesignApplicability.tsx","147"
"projects.design_applicability.quality_decide","migrations/0203_project_design_applicability_decisions.sql","54"
"projects.design_applicability.quality_decide","migrations/0203_project_design_applicability_decisions.sql","63"
"projects.design_applicability.quality_decide","server/src/routes/projects.ts","2057"
"projects.p2_demand_planning.view","migrations/0265_p2_demand_planning_foundation.sql","173"
"projects.p2_demand_planning.view","migrations/0265_p2_demand_planning_foundation.sql","181"
"projects.p2_demand_planning.view","migrations/0265_p2_demand_planning_foundation.sql","183"
"projects.p2_demand_planning.view","migrations/0265_p2_demand_planning_foundation.sql","185"
"projects.p2_demand_planning.view","server/src/routes/p2DemandQuantity.ts","135"
"projects.p2_demand_quantity.change","migrations/0262_p2_customer_demand_quantity_ledger.sql","121"
"projects.p2_demand_quantity.change","migrations/0262_p2_customer_demand_quantity_ledger.sql","130"
"projects.p2_demand_quantity.change","server/src/routes/p2DemandQuantity.ts","101"
"projects.p2_demand_quantity.view","migrations/0262_p2_customer_demand_quantity_ledger.sql","119"
"projects.p2_demand_quantity.view","migrations/0262_p2_customer_demand_quantity_ledger.sql","130"
"projects.p2_demand_quantity.view","migrations/0262_p2_customer_demand_quantity_ledger.sql","132"
"projects.p2_demand_quantity.view","server/src/routes/p2DemandQuantity.ts","88"
"projects.p2_handoff.release","migrations/0255_p2_v2_definition_v3_handoff.sql","37"
"projects.p2_handoff.release","migrations/0255_p2_v2_definition_v3_handoff.sql","42"
"projects.p2_handoff.release","server/__tests__/projectP2Handoff.test.ts","60"
"projects.p2_handoff.release","server/src/routes/projectP2Handoff.ts","51"
"projects.p2_part_classification.manage","migrations/0265_p2_demand_planning_foundation.sql","174"
"projects.p2_part_classification.manage","migrations/0265_p2_demand_planning_foundation.sql","181"
"projects.p2_part_classification.manage","migrations/0265_p2_demand_planning_foundation.sql","183"
"projects.p2_part_classification.manage","server/src/routes/p2DemandQuantity.ts","158"
"projects.p2_part_classification.release","migrations/0265_p2_demand_planning_foundation.sql","175"
"projects.p2_part_classification.release","migrations/0265_p2_demand_planning_foundation.sql","181"
"projects.p2_part_classification.release","migrations/0265_p2_demand_planning_foundation.sql","183"
"projects.p2_part_classification.release","server/src/routes/p2DemandQuantity.ts","190"
"projects.pilot_v2.issue_manage","migrations/0232_p2_v2_controlled_pilot_readiness.sql","201"
"projects.pilot_v2.issue_manage","migrations/0232_p2_v2_controlled_pilot_readiness.sql","209"
"projects.pilot_v2.issue_manage","server/src/capabilities.ts","219"
"projects.pilot_v2.issue_manage","server/src/routes/projectPilotControl.ts","301"
"projects.pilot_v2.issue_manage","server/src/routes/projectPilotControl.ts","350"
"projects.pilot_v2.issue_manage","server/src/routes/projectPilotControl.ts","372"
"projects.pilot_v2.manage","migrations/0232_p2_v2_controlled_pilot_readiness.sql","196"
"projects.pilot_v2.manage","migrations/0232_p2_v2_controlled_pilot_readiness.sql","213"
"projects.pilot_v2.manage","server/src/capabilities.ts","214"
"projects.pilot_v2.manage","server/src/routes/projectPilotControl.ts","164"
"projects.pilot_v2.manage","server/src/routes/projectPilotControl.ts","203"
"projects.pilot_v2.manage","server/src/routes/projectPilotControl.ts","247"
"projects.pilot_v2.manage","server/src/routes/projectPilotControl.ts","400"
"projects.pilot_v2.operations_approve","migrations/0232_p2_v2_controlled_pilot_readiness.sql","198"
"projects.pilot_v2.operations_approve","migrations/0232_p2_v2_controlled_pilot_readiness.sql","211"
"projects.pilot_v2.operations_approve","server/src/capabilities.ts","216"
"projects.pilot_v2.operations_approve","server/src/routes/projectPilotControl.ts","257"
"projects.pilot_v2.pm_approve","migrations/0232_p2_v2_controlled_pilot_readiness.sql","199"
"projects.pilot_v2.pm_approve","migrations/0232_p2_v2_controlled_pilot_readiness.sql","213"
"projects.pilot_v2.pm_approve","server/src/capabilities.ts","217"
"projects.pilot_v2.pm_approve","server/src/routes/projectPilotControl.ts","258"
"projects.pilot_v2.quality_approve","migrations/0232_p2_v2_controlled_pilot_readiness.sql","197"
"projects.pilot_v2.quality_approve","migrations/0232_p2_v2_controlled_pilot_readiness.sql","209"
"projects.pilot_v2.quality_approve","server/src/capabilities.ts","215"
"projects.pilot_v2.quality_approve","server/src/routes/projectPilotControl.ts","256"
"projects.pilot_v2.rollout_approve","migrations/0232_p2_v2_controlled_pilot_readiness.sql","200"
"projects.pilot_v2.rollout_approve","server/src/capabilities.ts","218"
"projects.pilot_v2.rollout_approve","server/src/routes/projectPilotControl.ts","259"
"projects.pilot_v2.rollout_approve","server/src/routes/projectPilotControl.ts","291"
"projects.pilot_v2.rollout_approve","server/src/routes/projectPilotControl.ts","300"
"projects.pilot_v2.rollout_approve","server/src/routes/projectPilotControl.ts","302"
"projects.pilot_v2.rollout_approve","server/src/routes/projectPilotControl.ts","303"
"projects.pilot_v2.rollout_approve","server/src/routes/projectPilotControl.ts","304"
"projects.pilot_v2.training_record","migrations/0232_p2_v2_controlled_pilot_readiness.sql","202"
"projects.pilot_v2.training_record","server/src/capabilities.ts","220"
"projects.pilot_v2.training_record","server/src/routes/projectPilotControl.ts","232"
"projects.pilot_v2.view","client/src/__tests__/P2V2PilotControlCenter.component.test.tsx","70"
"projects.pilot_v2.view","client/src/components/projects/P2V2PilotControlCenter.tsx","76"
"projects.pilot_v2.view","migrations/0232_p2_v2_controlled_pilot_readiness.sql","195"
"projects.pilot_v2.view","migrations/0232_p2_v2_controlled_pilot_readiness.sql","209"
"projects.pilot_v2.view","migrations/0232_p2_v2_controlled_pilot_readiness.sql","211"
"projects.pilot_v2.view","migrations/0232_p2_v2_controlled_pilot_readiness.sql","213"
"projects.pilot_v2.view","server/src/capabilities.ts","213"
"projects.pilot_v2.view","server/src/routes/projectPilotControl.ts","124"
"projects.pilot_v2.view","server/src/routes/projectPilotControl.ts","133"
"projects.preproduction.engineering_decide","migrations/0210_project_preproduction_readiness.sql","91"
"projects.preproduction.engineering_decide","migrations/0210_project_preproduction_readiness.sql","104"
"projects.preproduction.engineering_decide","server/src/routes/projectPreproductionReadiness.ts","202"
"projects.preproduction.finance_decide","migrations/0210_project_preproduction_readiness.sql","95"
"projects.preproduction.finance_decide","migrations/0210_project_preproduction_readiness.sql","108"
"projects.preproduction.finance_decide","server/src/routes/projectPreproductionReadiness.ts","210"
"projects.preproduction.manage","migrations/0210_project_preproduction_readiness.sql","89"
"projects.preproduction.manage","migrations/0210_project_preproduction_readiness.sql","103"
"projects.preproduction.manage","server/src/routes/projectPreproductionReadiness.ts","137"
"projects.preproduction.manage","server/src/routes/projectPreproductionReadiness.ts","153"
"projects.preproduction.manage","server/src/routes/projectPreproductionReadiness.ts","170"
"projects.preproduction.manage","server/src/routes/projectPreproductionReadiness.ts","186"
"projects.preproduction.manage","server/src/routes/projectPreproductionReadiness.ts","236"
"projects.preproduction.manage","server/src/routes/projectPreproductionReadiness.ts","252"
"projects.preproduction.operations_decide","migrations/0210_project_preproduction_readiness.sql","93"
"projects.preproduction.operations_decide","migrations/0210_project_preproduction_readiness.sql","106"
"projects.preproduction.operations_decide","server/src/routes/projectPreproductionReadiness.ts","204"
"projects.preproduction.pm_decide","migrations/0210_project_preproduction_readiness.sql","90"
"projects.preproduction.pm_decide","migrations/0210_project_preproduction_readiness.sql","103"
"projects.preproduction.pm_decide","server/src/routes/projectPreproductionReadiness.ts","201"
"projects.preproduction.quality_decide","migrations/0210_project_preproduction_readiness.sql","92"
"projects.preproduction.quality_decide","migrations/0210_project_preproduction_readiness.sql","105"
"projects.preproduction.quality_decide","server/src/routes/projectPreproductionReadiness.ts","203"
"projects.preproduction.supply_chain_decide","migrations/0210_project_preproduction_readiness.sql","94"
"projects.preproduction.supply_chain_decide","migrations/0210_project_preproduction_readiness.sql","107"
"projects.preproduction.supply_chain_decide","server/src/routes/projectPreproductionReadiness.ts","208"
"projects.production_launch.launch","migrations/0210_project_preproduction_readiness.sql","97"
"projects.production_launch.launch","migrations/0210_project_preproduction_readiness.sql","106"
"projects.production_launch.launch","server/__tests__/componentTravelerProvisioningFoundation.test.ts","22"
"projects.production_launch.launch","server/__tests__/p2ProductionLaunchPersistenceFoundation.test.ts","124"
"projects.production_launch.launch","server/__tests__/productionExecutionAuthorizationFoundation.test.ts","29"
"projects.production_launch.launch","server/__tests__/productionLaunchPreviewRoute.test.ts","127"
"projects.production_launch.launch","server/__tests__/productionOrderProvisioningFoundation.test.ts","33"
"projects.production_launch.launch","server/__tests__/serializedUnitProvisioningFoundation.test.ts","30"
"projects.production_launch.launch","server/__tests__/simpleManufacturingWorkOrderAction.test.ts","28"
"projects.production_launch.launch","server/__tests__/travelerProvisioningFoundation.test.ts","27"
"projects.production_launch.launch","server/__tests__/workOrderProvisioningFoundation.test.ts","16"
"projects.production_launch.launch","server/src/routes/projectPreproductionReadiness.ts","294"
"projects.production_launch.launch","server/src/routes/projectProductionPlanning.ts","238"
"projects.production_launch.launch","server/src/routes/projectProductionPlanning.ts","254"
"projects.production_launch.launch","server/src/routes/projectProductionPlanning.ts","271"
"projects.production_launch.launch","server/src/routes/projectProductionPlanning.ts","290"
"projects.production_launch.launch","server/src/routes/projectProductionPlanning.ts","308"
"projects.production_launch.launch","server/src/routes/projectProductionPlanning.ts","325"
"projects.production_launch.launch","server/src/routes/projectProductionPlanning.ts","344"
"projects.production_launch.launch","server/src/routes/projectProductionPlanning.ts","392"
"projects.production_planning.engineering_decide","client/src/__tests__/P2V2ProductionPlanning.component.test.tsx","152"
"projects.production_planning.engineering_decide","migrations/0204_project_production_plans.sql","108"
"projects.production_planning.engineering_decide","migrations/0204_project_production_plans.sql","116"
"projects.production_planning.engineering_decide","server/src/routes/projectProductionPlanning.ts","469"
"projects.production_planning.manage","client/src/__tests__/P2V2ProductionPlanning.component.test.tsx","151"
"projects.production_planning.manage","client/src/components/projects/P2V2ProductionPlanning.tsx","142"
"projects.production_planning.manage","migrations/0204_project_production_plans.sql","107"
"projects.production_planning.manage","migrations/0204_project_production_plans.sql","115"
"projects.production_planning.manage","migrations/0204_project_production_plans.sql","116"
"projects.production_planning.manage","server/__tests__/productionLaunchPreviewRoute.test.ts","91"
"projects.production_planning.manage","server/src/routes/projectProductionPlanning.ts","228"
"projects.production_planning.manage","server/src/routes/projectProductionPlanning.ts","410"
"projects.production_planning.manage","server/src/routes/projectProductionPlanning.ts","429"
"projects.production_planning.manage","server/src/routes/projectProductionPlanning.ts","440"
"projects.production_planning.manage","server/src/routes/projectProductionPlanning.ts","459"
"projects.production_planning.manage","server/src/routes/projectProductionPlanning.ts","506"
"projects.production_planning.operations_decide","client/src/__tests__/P2V2ProductionPlanning.component.test.tsx","154"
"projects.production_planning.operations_decide","migrations/0204_project_production_plans.sql","110"
"projects.production_planning.operations_decide","migrations/0204_project_production_plans.sql","118"
"projects.production_planning.operations_decide","server/src/routes/projectProductionPlanning.ts","479"
"projects.production_planning.quality_decide","client/src/__tests__/P2V2ProductionPlanning.component.test.tsx","153"
"projects.production_planning.quality_decide","migrations/0204_project_production_plans.sql","109"
"projects.production_planning.quality_decide","migrations/0204_project_production_plans.sql","117"
"projects.production_planning.quality_decide","server/src/routes/projectProductionPlanning.ts","474"
"projects.production_release.approve","migrations/0210_project_preproduction_readiness.sql","96"
"projects.production_release.approve","migrations/0210_project_preproduction_readiness.sql","103"
"projects.production_release.approve","server/__tests__/projectP2Handoff.test.ts","61"
"projects.production_release.approve","server/src/routes/projectP2Handoff.ts","98"
"projects.production_release.approve","server/src/routes/projectPreproductionReadiness.ts","273"
"projects.production_stage.engineering_decide","migrations/0220_p2_v2_production_execution.sql","126"
"projects.production_stage.engineering_decide","migrations/0220_p2_v2_production_execution.sql","139"
"projects.production_stage.engineering_decide","server/src/routes/projectProductionExecution.ts","189"
"projects.production_stage.hold","migrations/0220_p2_v2_production_execution.sql","121"
"projects.production_stage.hold","migrations/0220_p2_v2_production_execution.sql","133"
"projects.production_stage.hold","server/src/routes/projectProductionExecution.ts","245"
"projects.production_stage.manage","migrations/0220_p2_v2_production_execution.sql","120"
"projects.production_stage.manage","migrations/0220_p2_v2_production_execution.sql","133"
"projects.production_stage.manage","server/src/routes/projectProductionExecution.ts","135"
"projects.production_stage.manage","server/src/routes/projectProductionExecution.ts","146"
"projects.production_stage.manage","server/src/routes/projectProductionExecution.ts","164"
"projects.production_stage.manage","server/src/routes/projectProductionExecution.ts","220"
"projects.production_stage.operations_decide","migrations/0220_p2_v2_production_execution.sql","123"
"projects.production_stage.operations_decide","migrations/0220_p2_v2_production_execution.sql","134"
"projects.production_stage.operations_decide","server/src/routes/projectProductionExecution.ts","179"
"projects.production_stage.pm_decide","migrations/0220_p2_v2_production_execution.sql","125"
"projects.production_stage.pm_decide","migrations/0220_p2_v2_production_execution.sql","137"
"projects.production_stage.pm_decide","server/src/routes/projectProductionExecution.ts","184"
"projects.production_stage.quality_decide","migrations/0220_p2_v2_production_execution.sql","124"
"projects.production_stage.quality_decide","migrations/0220_p2_v2_production_execution.sql","136"
"projects.production_stage.quality_decide","server/src/routes/projectProductionExecution.ts","180"
"projects.production_stage.release_hold","migrations/0220_p2_v2_production_execution.sql","122"
"projects.production_stage.release_hold","migrations/0220_p2_v2_production_execution.sql","136"
"projects.production_stage.release_hold","server/src/routes/projectProductionExecution.ts","265"
"projects.quality_release.hold","migrations/0222_p2_v2_quality_product_release.sql","145"
"projects.quality_release.hold","migrations/0222_p2_v2_quality_product_release.sql","154"
"projects.quality_release.hold","server/src/routes/projectQualityRelease.ts","261"
"projects.quality_release.manage","migrations/0222_p2_v2_quality_product_release.sql","140"
"projects.quality_release.manage","migrations/0222_p2_v2_quality_product_release.sql","153"
"projects.quality_release.manage","server/src/routes/projectQualityRelease.ts","145"
"projects.quality_release.manage","server/src/routes/projectQualityRelease.ts","159"
"projects.quality_release.manage","server/src/routes/projectQualityRelease.ts","201"
"projects.quality_release.operations_decide","migrations/0222_p2_v2_quality_product_release.sql","142"
"projects.quality_release.operations_decide","migrations/0222_p2_v2_quality_product_release.sql","157"
"projects.quality_release.operations_decide","server/src/routes/projectQualityRelease.ts","168"
"projects.quality_release.pm_decide","migrations/0222_p2_v2_quality_product_release.sql","143"
"projects.quality_release.pm_decide","migrations/0222_p2_v2_quality_product_release.sql","159"
"projects.quality_release.pm_decide","server/src/routes/projectQualityRelease.ts","172"
"projects.quality_release.quality_decide","migrations/0222_p2_v2_quality_product_release.sql","141"
"projects.quality_release.quality_decide","migrations/0222_p2_v2_quality_product_release.sql","153"
"projects.quality_release.quality_decide","server/src/routes/projectQualityRelease.ts","167"
"projects.quality_release.release_hold","migrations/0222_p2_v2_quality_product_release.sql","146"
"projects.quality_release.release_hold","migrations/0222_p2_v2_quality_product_release.sql","155"
"projects.quality_release.release_hold","server/src/routes/projectQualityRelease.ts","277"
"projects.quality_release.release_product","migrations/0222_p2_v2_quality_product_release.sql","144"
"projects.quality_release.release_product","migrations/0222_p2_v2_quality_product_release.sql","154"
"projects.quality_release.release_product","server/__tests__/projectQualityRelease.test.ts","133"
"projects.quality_release.release_product","server/__tests__/projectQualityRelease.test.ts","134"
"projects.quality_release.release_product","server/src/routes/projectQualityRelease.ts","213"
"projects.shipping_v2.authorize","migrations/0225_p2_v2_shipping_project_closeout.sql","205"
"projects.shipping_v2.authorize","migrations/0225_p2_v2_shipping_project_closeout.sql","225"
"projects.shipping_v2.authorize","server/src/routes/projectShippingCloseout.ts","243"
"projects.shipping_v2.authorize","server/src/routes/projectShippingCloseout.ts","351"
"projects.shipping_v2.confirm","migrations/0225_p2_v2_shipping_project_closeout.sql","206"
"projects.shipping_v2.confirm","migrations/0225_p2_v2_shipping_project_closeout.sql","225"
"projects.shipping_v2.confirm","server/src/routes/projectShippingCloseout.ts","258"
"projects.shipping_v2.delivery","migrations/0225_p2_v2_shipping_project_closeout.sql","207"
"projects.shipping_v2.delivery","migrations/0225_p2_v2_shipping_project_closeout.sql","226"
"projects.shipping_v2.delivery","server/src/routes/projectShippingCloseout.ts","286"
"projects.shipping_v2.hold","migrations/0225_p2_v2_shipping_project_closeout.sql","208"
"projects.shipping_v2.hold","migrations/0225_p2_v2_shipping_project_closeout.sql","226"
"projects.shipping_v2.hold","server/src/routes/projectShippingCloseout.ts","317"
"projects.shipping_v2.hold","server/src/routes/projectShippingCloseout.ts","334"
"projects.shipping_v2.manage","migrations/0225_p2_v2_shipping_project_closeout.sql","204"
"projects.shipping_v2.manage","migrations/0225_p2_v2_shipping_project_closeout.sql","225"
"projects.shipping_v2.manage","server/src/routes/projectShippingCloseout.ts","220"
"projects.shipping_v2.manage","server/src/routes/projectShippingCloseout.ts","233"
"projects.technical_configuration.engineering_decide","migrations/0209_project_technical_configuration_reviews.sql","58"
"projects.technical_configuration.engineering_decide","migrations/0209_project_technical_configuration_reviews.sql","71"
"projects.technical_configuration.engineering_decide","server/src/routes/projectTechnicalConfigurationReview.ts","219"
"projects.technical_configuration.manage","client/src/components/projects/P2V2TechnicalConfigurationReview.tsx","402"
"projects.technical_configuration.manage","client/src/components/projects/P2V2TechnicalConfigurationReview.tsx","446"
"projects.technical_configuration.manage","client/src/components/projects/P2V2TechnicalConfigurationReview.tsx","459"
"projects.technical_configuration.manage","migrations/0209_project_technical_configuration_reviews.sql","56"
"projects.technical_configuration.manage","migrations/0209_project_technical_configuration_reviews.sql","70"
"projects.technical_configuration.manage","migrations/0209_project_technical_configuration_reviews.sql","71"
"projects.technical_configuration.manage","server/src/routes/projectTechnicalConfigurationReview.ts","160"
"projects.technical_configuration.manage","server/src/routes/projectTechnicalConfigurationReview.ts","179"
"projects.technical_configuration.manage","server/src/routes/projectTechnicalConfigurationReview.ts","199"
"projects.technical_configuration.manage","server/src/routes/projectTechnicalConfigurationReview.ts","259"
"projects.technical_configuration.manage","server/src/routes/projectTechnicalConfigurationReview.ts","278"
"projects.technical_configuration.operations_decide","migrations/0209_project_technical_configuration_reviews.sql","60"
"projects.technical_configuration.operations_decide","migrations/0209_project_technical_configuration_reviews.sql","73"
"projects.technical_configuration.operations_decide","server/src/routes/projectTechnicalConfigurationReview.ts","225"
"projects.technical_configuration.pm_decide","migrations/0209_project_technical_configuration_reviews.sql","57"
"projects.technical_configuration.pm_decide","migrations/0209_project_technical_configuration_reviews.sql","70"
"projects.technical_configuration.pm_decide","server/src/routes/projectTechnicalConfigurationReview.ts","215"
"projects.technical_configuration.quality_decide","migrations/0209_project_technical_configuration_reviews.sql","59"
"projects.technical_configuration.quality_decide","migrations/0209_project_technical_configuration_reviews.sql","72"
"projects.technical_configuration.quality_decide","server/src/routes/projectTechnicalConfigurationReview.ts","221"
"projects.technical_configuration.supply_chain_decide","migrations/0209_project_technical_configuration_reviews.sql","61"
"projects.technical_configuration.supply_chain_decide","migrations/0209_project_technical_configuration_reviews.sql","74"
"projects.technical_configuration.supply_chain_decide","server/src/routes/projectTechnicalConfigurationReview.ts","230"
"projects.wad_authorization.engineering_decide","client/src/components/projects/P2V2WadAuthorization.tsx","106"
"projects.wad_authorization.engineering_decide","migrations/0205_project_wad_authorizations.sql","47"
"projects.wad_authorization.engineering_decide","migrations/0205_project_wad_authorizations.sql","59"
"projects.wad_authorization.engineering_decide","server/src/routes/projectWadAuthorization.ts","159"
"projects.wad_authorization.executive_decide","client/src/components/projects/P2V2WadAuthorization.tsx","115"
"projects.wad_authorization.executive_decide","migrations/0205_project_wad_authorizations.sql","51"
"projects.wad_authorization.executive_decide","migrations/0205_project_wad_authorizations.sql","63"
"projects.wad_authorization.executive_decide","server/src/routes/projectWadAuthorization.ts","171"
"projects.wad_authorization.finance_decide","client/src/components/projects/P2V2WadAuthorization.tsx","114"
"projects.wad_authorization.finance_decide","migrations/0205_project_wad_authorizations.sql","50"
"projects.wad_authorization.finance_decide","migrations/0205_project_wad_authorizations.sql","62"
"projects.wad_authorization.finance_decide","server/src/routes/projectWadAuthorization.ts","167"
"projects.wad_authorization.manage","client/src/components/projects/P2V2WadAuthorization.tsx","68"
"projects.wad_authorization.manage","migrations/0205_project_wad_authorizations.sql","45"
"projects.wad_authorization.manage","migrations/0205_project_wad_authorizations.sql","57"
"projects.wad_authorization.manage","migrations/0205_project_wad_authorizations.sql","58"
"projects.wad_authorization.manage","server/src/routes/projectWadAuthorization.ts","110"
"projects.wad_authorization.manage","server/src/routes/projectWadAuthorization.ts","125"
"projects.wad_authorization.manage","server/src/routes/projectWadAuthorization.ts","141"
"projects.wad_authorization.manage","server/src/routes/projectWadAuthorization.ts","218"
"projects.wad_authorization.operations_decide","client/src/components/projects/P2V2WadAuthorization.tsx","112"
"projects.wad_authorization.operations_decide","migrations/0205_project_wad_authorizations.sql","49"
"projects.wad_authorization.operations_decide","migrations/0205_project_wad_authorizations.sql","61"
"projects.wad_authorization.operations_decide","server/src/routes/projectWadAuthorization.ts","165"
"projects.wad_authorization.pm_decide","client/src/components/projects/P2V2WadAuthorization.tsx","102"
"projects.wad_authorization.pm_decide","migrations/0205_project_wad_authorizations.sql","46"
"projects.wad_authorization.pm_decide","migrations/0205_project_wad_authorizations.sql","58"
"projects.wad_authorization.pm_decide","server/src/routes/projectWadAuthorization.ts","155"
"projects.wad_authorization.quality_decide","client/src/components/projects/P2V2WadAuthorization.tsx","108"
"projects.wad_authorization.quality_decide","migrations/0205_project_wad_authorizations.sql","48"
"projects.wad_authorization.quality_decide","migrations/0205_project_wad_authorizations.sql","60"
"projects.wad_authorization.quality_decide","server/src/routes/projectWadAuthorization.ts","161"
"projects.wad_authorization.release","client/src/components/projects/P2V2WadAuthorization.tsx","363"
"projects.wad_authorization.release","migrations/0205_project_wad_authorizations.sql","52"
"projects.wad_authorization.release","migrations/0205_project_wad_authorizations.sql","57"
"projects.wad_authorization.release","migrations/0205_project_wad_authorizations.sql","58"
"projects.wad_authorization.release","server/src/routes/projectWadAuthorization.ts","199"
"public.additional_stocks_id_seq","database_backup_20250813_042552.sql","3057"
"public.additional_stocks_id_seq","database_backup_20250813_042552.sql","29792"
"public.all_orders_id_seq","database_backup_20250813_042552.sql","3064"
"public.all_orders_id_seq","database_backup_20250813_042552.sql","29799"
"public.audit_logs_id_seq","database_backup_20250813_042552.sql","3162"
"public.audit_logs_id_seq","database_backup_20250813_042552.sql","29806"
"public.bom_definitions_id_seq","database_backup_20250813_042552.sql","3071"
"public.bom_definitions_id_seq","database_backup_20250813_042552.sql","29813"
"public.bom_items_id_seq","database_backup_20250813_042552.sql","3078"
"public.bom_items_id_seq","database_backup_20250813_042552.sql","29820"
"public.certification_authorizations","scripts/audit/production-access-audit.sql","10"
"public.certifications_id_seq","database_backup_20250813_042552.sql","3085"
"public.certifications_id_seq","database_backup_20250813_042552.sql","29827"
"public.change_control_assessments","server/src/routes/changeControl.ts","73"
"public.change_control_records","server/src/routes/changeControl.ts","72"
"public.charge_codes_id_seq","migrations/0059_native_charge_codes.sql","65"
"public.checklist_items_id_seq","database_backup_20250813_042552.sql","3092"
"public.checklist_items_id_seq","database_backup_20250813_042552.sql","29834"
"public.communication_logs_id_seq","database_backup_20250813_042552.sql","3099"
"public.communication_logs_id_seq","database_backup_20250813_042552.sql","29841"
"public.controlled_document_approval_release_events","migrations/0256_controlled_document_atomic_approval_release.sql","24"
"public.controlled_document_approval_release_events","server/src/services/controlledDocumentSchemaReadiness.ts","192"
"public.controlled_document_approval_release_events","server/src/services/controlledDocumentSchemaReadiness.ts","200"
"public.controlled_document_approval_release_events","server/src/services/controlledDocumentSchemaReadiness.ts","215"
"public.controlled_document_revision_approvals","server/src/services/controlledDocumentSchemaReadiness.ts","227"
"public.controlled_documents","server/src/services/controlledDocumentSchemaReadiness.ts","237"
"public.credit_card_transactions_id_seq","database_backup_20250813_042552.sql","3106"
"public.credit_card_transactions_id_seq","database_backup_20250813_042552.sql","29848"
"public.csv_data_id_seq","database_backup_20250813_042552.sql","3113"
"public.csv_data_id_seq","database_backup_20250813_042552.sql","29855"
"public.customer_addresses_id_seq","database_backup_20250813_042552.sql","3120"
"public.customer_addresses_id_seq","database_backup_20250813_042552.sql","29862"
"public.customer_types_id_seq","database_backup_20250813_042552.sql","3127"
"public.customer_types_id_seq","database_backup_20250813_042552.sql","29869"
"public.customers_id_seq","database_backup_20250813_042552.sql","3134"
"public.customers_id_seq","database_backup_20250813_042552.sql","29876"
"public.document_collections_id_seq","database_backup_20250813_042552.sql","3141"
"public.document_collections_id_seq","database_backup_20250813_042552.sql","29883"
"public.document_tags_id_seq","database_backup_20250813_042552.sql","3148"
"public.document_tags_id_seq","database_backup_20250813_042552.sql","29890"
"public.document_version_history","server/src/services/controlledDocumentSchemaReadiness.ts","252"
"public.documents_id_seq","database_backup_20250813_042552.sql","3155"
"public.documents_id_seq","database_backup_20250813_042552.sql","29897"
"public.employee_certifications_id_seq","database_backup_20250813_042552.sql","3169"
"public.employee_certifications_id_seq","database_backup_20250813_042552.sql","29904"
"public.employee_documents_id_seq","database_backup_20250813_042552.sql","3176"
"public.employee_documents_id_seq","database_backup_20250813_042552.sql","29911"
"public.employee_layup_settings_id_seq","database_backup_20250813_042552.sql","3183"
"public.employee_layup_settings_id_seq","database_backup_20250813_042552.sql","29918"
"public.employees_id_seq","database_backup_20250813_042552.sql","3190"
"public.employees_id_seq","database_backup_20250813_042552.sql","29925"
"public.enhanced_form_categories_id_seq","database_backup_20250813_042552.sql","3197"
"public.enhanced_form_categories_id_seq","database_backup_20250813_042552.sql","29932"
"public.enhanced_form_submissions_id_seq","database_backup_20250813_042552.sql","3204"
"public.enhanced_form_submissions_id_seq","database_backup_20250813_042552.sql","29939"
"public.enhanced_form_versions_id_seq","database_backup_20250813_042552.sql","3211"
"public.enhanced_form_versions_id_seq","database_backup_20250813_042552.sql","29946"
"public.enhanced_forms_id_seq","database_backup_20250813_042552.sql","3218"
"public.enhanced_forms_id_seq","database_backup_20250813_042552.sql","29953"
"public.evaluations_id_seq","database_backup_20250813_042552.sql","3225"
"public.evaluations_id_seq","database_backup_20250813_042552.sql","29960"
"public.form_submissions_id_seq","database_backup_20250813_042552.sql","3232"
"public.form_submissions_id_seq","database_backup_20250813_042552.sql","29967"
"public.forms_id_seq","database_backup_20250813_042552.sql","3239"
"public.forms_id_seq","database_backup_20250813_042552.sql","29974"
"public.inventory_items_id_seq","database_backup_20250813_042552.sql","3246"
"public.inventory_items_id_seq","database_backup_20250813_042552.sql","29981"
"public.inventory_scans_id_seq","database_backup_20250813_042552.sql","3253"
"public.inventory_scans_id_seq","database_backup_20250813_042552.sql","29988"
"public.kickbacks_id_seq","database_backup_20250813_042552.sql","3260"
"public.kickbacks_id_seq","database_backup_20250813_042552.sql","29995"
"public.labor_budget_overrides","server/src/lib/productionWorkflowReadiness.ts","116"
"public.layup_orders_id_seq","database_backup_20250813_042552.sql","3267"
"public.layup_orders_id_seq","database_backup_20250813_042552.sql","30002"
"public.layup_schedule_id_seq","database_backup_20250813_042552.sql","3274"
"public.layup_schedule_id_seq","database_backup_20250813_042552.sql","30009"
"public.maintenance_logs_id_seq","database_backup_20250813_042552.sql","3281"
"public.maintenance_logs_id_seq","database_backup_20250813_042552.sql","30016"
"public.maintenance_schedules_id_seq","database_backup_20250813_042552.sql","3288"
"public.maintenance_schedules_id_seq","database_backup_20250813_042552.sql","30023"
"public.material_lot_reservations","server/src/lib/productionWorkflowReadiness.ts","158"
"public.molds_id_seq","database_backup_20250813_042552.sql","3295"
"public.molds_id_seq","database_backup_20250813_042552.sql","30030"
"public.nonconformance_records_id_seq","database_backup_20250813_042552.sql","3302"
"public.nonconformance_records_id_seq","database_backup_20250813_042552.sql","30037"
"public.onboarding_docs_id_seq","database_backup_20250813_042552.sql","3309"
"public.onboarding_docs_id_seq","database_backup_20250813_042552.sql","30044"
"public.optional_settings","migrations/0130_vendor_po_support_tables_safe.sql","54"
"public.order_attachments_id_seq","database_backup_20250813_042552.sql","3316"
"public.order_attachments_id_seq","database_backup_20250813_042552.sql","30051"
"public.order_drafts_id_seq","database_backup_20250813_042552.sql","3323"
"public.order_drafts_id_seq","database_backup_20250813_042552.sql","30058"
"public.order_id_reservations_id_seq","database_backup_20250813_042552.sql","3330"
"public.order_id_reservations_id_seq","database_backup_20250813_042552.sql","30065"
"public.orders_id_seq","database_backup_20250813_042552.sql","3337"
"public.orders_id_seq","database_backup_20250813_042552.sql","30072"
"public.p2_billing_allocations","server/src/routes/projects.ts","1471"
"public.p2_billing_allocations","server/src/routes/projects.ts","1578"
"public.p2_customers_id_seq","database_backup_20250813_042552.sql","3344"
"public.p2_customers_id_seq","database_backup_20250813_042552.sql","30079"
"public.p2_production_orders","server/src/lib/productionWorkflowReadiness.ts","138"
"public.p2_production_orders","server/src/lib/productionWorkflowReadiness.ts","259"
"public.p2_production_orders","server/src/lib/productionWorkflowReadiness.ts","264"
"public.p2_production_orders_id_seq","database_backup_20250813_042552.sql","3351"
"public.p2_production_orders_id_seq","database_backup_20250813_042552.sql","30086"
"public.p2_purchase_order_items","server/src/lib/p2PurchaseOrderReadiness.ts","51"
"public.p2_purchase_order_items_id_seq","database_backup_20250813_042552.sql","3358"
"public.p2_purchase_order_items_id_seq","database_backup_20250813_042552.sql","30093"
"public.p2_purchase_orders","server/src/lib/p2PurchaseOrderReadiness.ts","14"
"public.p2_purchase_orders_id_seq","database_backup_20250813_042552.sql","3365"
"public.p2_purchase_orders_id_seq","database_backup_20250813_042552.sql","30100"
"public.p2_serialized_items","server/src/lib/p2PurchaseOrderReadiness.ts","56"
"public.p2_serialized_items","server/src/lib/productionWorkflowReadiness.ts","149"
"public.parts_requests","server/src/lib/productionWorkflowReadiness.ts","131"
"public.parts_requests_id_seq","database_backup_20250813_042552.sql","3372"
"public.parts_requests_id_seq","database_backup_20250813_042552.sql","30107"
"public.payments_id_seq","database_backup_20250813_042552.sql","3379"
"public.payments_id_seq","database_backup_20250813_042552.sql","30114"
"public.pcr_audit_events","server/src/routes/changeControl.ts","74"
"public.pdf_documents_id_seq","database_backup_20250813_042552.sql","3386"
"public.pdf_documents_id_seq","database_backup_20250813_042552.sql","30121"
"public.perm_capabilities","migrations/0233_part_specification_sheet_control.sql","192"
"public.perm_role_capabilities","migrations/0233_part_specification_sheet_control.sql","224"
"public.perm_roles","migrations/0233_part_specification_sheet_control.sql","223"
"public.persistent_discounts_id_seq","database_backup_20250813_042552.sql","3393"
"public.persistent_discounts_id_seq","database_backup_20250813_042552.sql","30128"
"public.production_orders_id_seq","database_backup_20250813_042552.sql","3400"
"public.production_orders_id_seq","database_backup_20250813_042552.sql","30135"
"public.production_work_orders","server/src/lib/productionWorkflowReadiness.ts","39"
"public.production_work_orders","server/src/lib/productionWorkflowReadiness.ts","215"
"public.production_work_orders","server/src/lib/productionWorkflowReadiness.ts","241"
"public.project_preproduction_readiness_reviews","migrations/0212_project_preproduction_launch_safety.sql","7"
"public.project_production_launches","migrations/0212_project_preproduction_launch_safety.sql","9"
"public.project_production_launches","migrations/0226_project_production_launch_composite_key.sql","8"
"public.project_production_launches","server/__tests__/projectProductionLaunchCompositeKey.test.ts","34"
"public.project_production_releases","migrations/0212_project_preproduction_launch_safety.sql","8"
"public.project_received_materials","server/src/lib/productionWorkflowReadiness.ts","188"
"public.project_steps","server/src/lib/productionWorkflowReadiness.ts","29"
"public.project_steps","server/src/lib/productionWorkflowReadiness.ts","266"
"public.projects","server/src/lib/productionWorkflowReadiness.ts","14"
"public.projects","server/src/lib/productionWorkflowReadiness.ts","265"
"public.punch_ledger","server/src/lib/productionWorkflowReadiness.ts","102"
"public.purchase_order_items_id_seq","database_backup_20250813_042552.sql","3407"
"public.purchase_order_items_id_seq","database_backup_20250813_042552.sql","30142"
"public.purchase_orders_id_seq","database_backup_20250813_042552.sql","3414"
"public.purchase_orders_id_seq","database_backup_20250813_042552.sql","30149"
"public.purchase_review_checklists_id_seq","database_backup_20250813_042552.sql","3421"
"public.purchase_review_checklists_id_seq","database_backup_20250813_042552.sql","30156"
"public.qc_definitions_id_seq","database_backup_20250813_042552.sql","3428"
"public.qc_definitions_id_seq","database_backup_20250813_042552.sql","30163"
"public.qc_submissions_id_seq","database_backup_20250813_042552.sql","3435"
"public.qc_submissions_id_seq","database_backup_20250813_042552.sql","30170"
"public.received_units","server/src/lib/productionWorkflowReadiness.ts","179"
"public.routing_operations","server/pre-deploy-migrate.ts","354"
"public.routing_operations","server/src/lib/productionWorkflowReadiness.ts","209"
"public.rts_orders_id_seq","database_backup_20250813_042552.sql","3442"
"public.rts_orders_id_seq","database_backup_20250813_042552.sql","30177"
"public.rts_payments_id_seq","database_backup_20250813_042552.sql","3449"
"public.rts_payments_id_seq","database_backup_20250813_042552.sql","30184"
"public.short_term_sales_id_seq","database_backup_20250813_042552.sql","3456"
"public.short_term_sales_id_seq","database_backup_20250813_042552.sql","30191"
"public.spec_sheet_revision_approvals","server/__tests__/partSpecificationSheetPostgresCertification.test.ts","65"
"public.spec_sheet_revisions","server/__tests__/partSpecificationSheetPostgresCertification.test.ts","64"
"public.spec_sheet_transition_audit","server/__tests__/partSpecificationSheetPostgresCertification.test.ts","66"
"public.task_items_id_seq","database_backup_20250813_042552.sql","3463"
"public.task_items_id_seq","database_backup_20250813_042552.sql","30198"
"public.time_clock_entries_id_seq","database_backup_20250813_042552.sql","3470"
"public.time_clock_entries_id_seq","database_backup_20250813_042552.sql","30205"
"public.traveler_material_consumption","server/src/lib/productionWorkflowReadiness.ts","165"
"public.traveler_signatures","server/src/lib/productionWorkflowReadiness.ts","92"
"public.traveler_steps","server/src/lib/productionWorkflowReadiness.ts","70"
"public.traveler_task_fields","server/src/lib/productionWorkflowReadiness.ts","87"
"public.traveler_tasks","server/src/lib/productionWorkflowReadiness.ts","76"
"public.travelers","migrations/0233_part_specification_sheet_control.sql","176"
"public.travelers","server/src/lib/productionWorkflowReadiness.ts","59"
"public.user_sessions_id_seq","database_backup_20250813_042552.sql","3477"
"public.user_sessions_id_seq","database_backup_20250813_042552.sql","30212"
"public.users_id_seq","database_backup_20250813_042552.sql","3484"
"public.users_id_seq","database_backup_20250813_042552.sql","30219"
"public.vendor_po_items","server/src/routes/vendorPOs.ts","433"
"public.vendor_pos","migrations/0130_vendor_po_support_tables_safe.sql","42"
"public.vendor_pos","migrations/0130_vendor_po_support_tables_safe.sql","96"
"public.vendor_pos","server/src/routes/vendorPOs.ts","404"
"public.wad_document_links","server/src/lib/productionWorkflowReadiness.ts","240"
"public.wad_production_controls","server/src/lib/productionWorkflowReadiness.ts","214"
"public.work_orders","server/src/lib/productionWorkflowReadiness.ts","123"
"purchase_order_items.specifications.stock_model","server/src/routes/layupSchedule.ts","553"
"purchase_order_items.stock_model_id","server/__tests__/stockModelResolver.test.ts","58"
"purchase_order_items.stock_model_id","server/__tests__/stockModelResolver.test.ts","61"
"purchase_order_items.stock_model_id","server/__tests__/stockModelResolver.test.ts","68"
"purchase_order_items.stock_model_id","server/src/routes/layupSchedule.ts","549"
"purchase_order_items.stock_model_name","server/src/routes/layupSchedule.ts","555"
"purchasing.admin_chain","server/index.ts","4722"
"purchasing.admin_chain","server/src/capabilities.ts","201"
"purchasing.admin_chain","server/src/routes/contractReview.ts","156"
"purchasing.admin_chain","server/src/routes/contractReview.ts","225"
"purchasing.admin_chain","server/src/routes/contractReview.ts","252"
"purchasing.admin_chain","server/src/routes/farFlowdownClauses.ts","28"
"purchasing.admin_chain","server/src/routes/farFlowdownClauses.ts","39"
"purchasing.admin_chain","server/src/routes/farFlowdownClauses.ts","53"
"purchasing.admin_chain","server/src/routes/purchaseRequisitions.ts","129"
"purchasing.admin_chain","server/src/routes/purchaseRequisitions.ts","438"
"purchasing.admin_chain","server/src/routes/purchaseRequisitions.ts","506"
"purchasing.admin_chain","server/src/routes/purchaseRequisitions.ts","513"
"purchasing.admin_chain","server/src/routes/purchaseRequisitions.ts","533"
"purchasing.admin_chain","server/src/routes/purchaseRequisitions.ts","539"
"purchasing.admin_chain","server/src/routes/purchaseRequisitions.ts","548"
"purchasing.approve_po","client/src/pages/EnhancedInventoryMRPPage.tsx","66"
"purchasing.approve_po","server/index.ts","4715"
"purchasing.approve_po","server/index.ts","4922"
"purchasing.approve_po","server/src/capabilities.ts","197"
"purchasing.approve_po","server/src/routes/inventory.ts","1352"
"purchasing.approve_po","server/src/routes/inventory.ts","1360"
"purchasing.approve_po","server/src/routes/purchaseRequisitions.ts","475"
"purchasing.approve_po","server/src/routes/vendorPOs.ts","2648"
"purchasing.approve_requisition","migrations/0128_procurement_section6_supplier_controls.sql","113"
"purchasing.approve_requisition","server/index.ts","4718"
"purchasing.approve_requisition","server/index.ts","4925"
"purchasing.approve_requisition","server/src/capabilities.ts","200"
"purchasing.approve_requisition","server/src/routes/purchaseRequisitions.ts","59"
"purchasing.approve_requisition_buyer","migrations/0128_procurement_section6_supplier_controls.sql","86"
"purchasing.approve_requisition_buyer","migrations/0128_procurement_section6_supplier_controls.sql","100"
"purchasing.approve_requisition_buyer","migrations/0128_procurement_section6_supplier_controls.sql","101"
"purchasing.approve_requisition_buyer","migrations/0128_procurement_section6_supplier_controls.sql","103"
"purchasing.approve_requisition_buyer","migrations/0128_procurement_section6_supplier_controls.sql","119"
"purchasing.approve_requisition_buyer","server/index.ts","4719"
"purchasing.approve_requisition_buyer","server/index.ts","4926"
"purchasing.approve_requisition_buyer","server/index.ts","4973"
"purchasing.approve_requisition_buyer","server/index.ts","4982"
"purchasing.approve_requisition_buyer","server/src/services/procurementControlsService.ts","40"
"purchasing.approve_requisition_executive","migrations/0128_procurement_section6_supplier_controls.sql","88"
"purchasing.approve_requisition_executive","migrations/0128_procurement_section6_supplier_controls.sql","105"
"purchasing.approve_requisition_executive","migrations/0128_procurement_section6_supplier_controls.sql","122"
"purchasing.approve_requisition_executive","server/index.ts","4721"
"purchasing.approve_requisition_executive","server/index.ts","4984"
"purchasing.approve_requisition_executive","server/src/services/procurementControlsService.ts","24"
"purchasing.approve_requisition_manager","migrations/0128_procurement_section6_supplier_controls.sql","87"
"purchasing.approve_requisition_manager","migrations/0128_procurement_section6_supplier_controls.sql","101"
"purchasing.approve_requisition_manager","migrations/0128_procurement_section6_supplier_controls.sql","104"
"purchasing.approve_requisition_manager","migrations/0128_procurement_section6_supplier_controls.sql","120"
"purchasing.approve_requisition_manager","migrations/0128_procurement_section6_supplier_controls.sql","121"
"purchasing.approve_requisition_manager","server/index.ts","4720"
"purchasing.approve_requisition_manager","server/index.ts","4927"
"purchasing.approve_requisition_manager","server/index.ts","4983"
"purchasing.approve_requisition_manager","server/src/services/procurementControlsService.ts","19"
"purchasing.approve_requisition_manager","server/src/services/procurementControlsService.ts","33"
"purchasing.create_requisition","server/index.ts","4717"
"purchasing.create_requisition","server/index.ts","4924"
"purchasing.create_requisition","server/src/capabilities.ts","199"
"purchasing.create_requisition","server/src/routes/purchaseRequisitions.ts","202"
"purchasing.create_requisition","server/src/routes/purchaseRequisitions.ts","261"
"purchasing.create_requisition","server/src/routes/purchaseRequisitions.ts","421"
"purchasing.direct_po_exception","migrations/0111_critical_schema_health_repairs.sql","167"
"purchasing.direct_po_exception","server/index.ts","4724"
"purchasing.direct_po_exception","server/schema.ts","27710"
"purchasing.direct_po_exception","server/src/capabilities.ts","203"
"purchasing.direct_po_exception","server/src/routes/vendorPOs.ts","2570"
"purchasing.direct_po_exception","server/src/routes/vendorPOs.ts","2719"
"purchasing.manage_pos","client/src/__tests__/p1POReconciliation.component.test.ts","38"
"purchasing.manage_pos","client/src/components/POManager.tsx","867"
"purchasing.manage_pos","client/src/components/POManager.tsx","2192"
"purchasing.manage_pos","client/src/pages/EnhancedInventoryMRPPage.tsx","65"
"purchasing.manage_pos","server/__tests__/p1POQuantityAdjustmentRouteContract.test.ts","22"
"purchasing.manage_pos","server/index.ts","4714"
"purchasing.manage_pos","server/index.ts","4921"
"purchasing.manage_pos","server/src/capabilities.ts","196"
"purchasing.manage_pos","server/src/routes/contractReview.ts","303"
"purchasing.manage_pos","server/src/routes/contractReview.ts","447"
"purchasing.manage_pos","server/src/routes/farFlowdownClauses.ts","96"
"purchasing.manage_pos","server/src/routes/inventory.ts","1351"
"purchasing.manage_pos","server/src/routes/inventory.ts","1359"
"purchasing.manage_pos","server/src/routes/inventory.ts","2227"
"purchasing.manage_pos","server/src/routes/inventory.ts","2442"
"purchasing.manage_pos","server/src/routes/inventory.ts","2666"
"purchasing.manage_pos","server/src/routes/p1CustomerPoImports.ts","58"
"purchasing.manage_pos","server/src/routes/p1CustomerPoImports.ts","72"
"purchasing.manage_pos","server/src/routes/p1CustomerPoImports.ts","111"
"purchasing.manage_pos","server/src/routes/p1CustomerPoImports.ts","128"
"purchasing.manage_pos","server/src/routes/p1POQuantityAdjustments.ts","73"
"purchasing.manage_pos","server/src/routes/vendorPOs.ts","1431"
"purchasing.manage_pos","server/src/routes/vendorPOs.ts","1481"
"purchasing.manage_pos","server/src/routes/vendorPOs.ts","1700"
"purchasing.manage_pos","server/src/routes/vendorPOs.ts","1748"
"purchasing.record_debarment_check","server/index.ts","4723"
"purchasing.record_debarment_check","server/index.ts","4928"
"purchasing.record_debarment_check","server/src/capabilities.ts","202"
"purchasing.record_debarment_check","server/src/routes/vendorDebarmentChecks.ts","49"
"purchasing.view_requisitions","client/src/config/userPermissions.ts","26"
"purchasing.view_requisitions","client/src/pages/EnhancedInventoryMRPPage.tsx","64"
"purchasing.view_requisitions","server/index.ts","4716"
"purchasing.view_requisitions","server/index.ts","4923"
"purchasing.view_requisitions","server/middleware/routeAuthorization.ts","288"
"purchasing.view_requisitions","server/src/capabilities.ts","198"
"purchasing.view_requisitions","server/src/routes/contractReview.ts","147"
"purchasing.view_requisitions","server/src/routes/contractReview.ts","210"
"purchasing.view_requisitions","server/src/routes/contractReview.ts","216"
"purchasing.view_requisitions","server/src/routes/contractReview.ts","286"
"purchasing.view_requisitions","server/src/routes/contractReview.ts","426"
"purchasing.view_requisitions","server/src/routes/farFlowdownClauses.ts","21"
"purchasing.view_requisitions","server/src/routes/farFlowdownClauses.ts","61"
"purchasing.view_requisitions","server/src/routes/farFlowdownClauses.ts","88"
"purchasing.view_requisitions","server/src/routes/inventory.ts","1353"
"purchasing.view_requisitions","server/src/routes/inventory.ts","1361"
"purchasing.view_requisitions","server/src/routes/inventory.ts","1366"
"purchasing.view_requisitions","server/src/routes/purchaseRequisitions.ts","77"
"purchasing.view_requisitions","server/src/routes/purchaseRequisitions.ts","97"
"purchasing.view_requisitions","server/src/routes/purchaseRequisitions.ts","175"
"purchasing.view_requisitions","server/src/routes/purchaseRequisitions.ts","321"
"purchasing.view_requisitions","server/src/routes/purchaseRequisitions.ts","572"
"purchasing.view_requisitions","server/src/routes/vendorDebarmentChecks.ts","22"
"purchasing.view_requisitions","server/src/routes/vendorDebarmentChecks.ts","31"
"py-0.5","client/src/components/timekeeping/AuditTrailPanel.tsx","123"
"py-0.5","client/src/components/timekeeping/AuditTrailPanel.tsx","148"
"py-1.5","client/src/pages/admin/QueueIntegrityMonitor.tsx","654"
"py-1.5","client/src/pages/admin/QueueIntegrityMonitor.tsx","657"
"qms.audit_readiness.admin","client/src/config/userPermissions.ts","37"
"qms.audit_readiness.admin","migrations/0218_as9100_audit_readiness.sql","227"
"qms.audit_readiness.admin","server/src/routes/auditReadiness.ts","167"
"qms.audit_readiness.admin","server/src/routes/auditReadiness.ts","385"
"qms.audit_readiness.admin","server/src/routes/auditReadiness.ts","409"
"qms.audit_readiness.admin","server/src/routes/auditReadiness.ts","463"
"qms.audit_readiness.approve","client/src/config/userPermissions.ts","36"
"qms.audit_readiness.approve","migrations/0218_as9100_audit_readiness.sql","226"
"qms.audit_readiness.approve","server/__tests__/auditReadinessArchitecture.test.ts","18"
"qms.audit_readiness.approve","server/src/routes/auditReadiness.ts","329"
"qms.audit_readiness.approve","server/src/routes/auditReadiness.ts","368"
"qms.audit_readiness.approve","server/src/routes/auditReadiness.ts","379"
"qms.audit_readiness.create","migrations/0218_as9100_audit_readiness.sql","223"
"qms.audit_readiness.create","server/src/routes/auditReadiness.ts","116"
"qms.audit_readiness.edit","client/src/config/userPermissions.ts","34"
"qms.audit_readiness.edit","migrations/0218_as9100_audit_readiness.sql","224"
"qms.audit_readiness.edit","migrations/0218_as9100_audit_readiness.sql","239"
"qms.audit_readiness.edit","server/src/routes/auditReadiness.ts","212"
"qms.audit_readiness.edit","server/src/routes/auditReadiness.ts","249"
"qms.audit_readiness.edit","server/src/routes/auditReadiness.ts","265"
"qms.audit_readiness.edit","server/src/routes/auditReadiness.ts","276"
"qms.audit_readiness.edit","server/src/routes/auditReadiness.ts","314"
"qms.audit_readiness.edit","server/src/routes/auditReadiness.ts","347"
"qms.audit_readiness.export","migrations/0218_as9100_audit_readiness.sql","228"
"qms.audit_readiness.export","migrations/0218_as9100_audit_readiness.sql","239"
"qms.audit_readiness.export","server/__tests__/auditReadinessArchitecture.test.ts","19"
"qms.audit_readiness.export","server/src/routes/auditReadiness.ts","427"
"qms.audit_readiness.review","client/src/config/userPermissions.ts","35"
"qms.audit_readiness.review","migrations/0218_as9100_audit_readiness.sql","225"
"qms.audit_readiness.review","migrations/0218_as9100_audit_readiness.sql","239"
"qms.audit_readiness.review","server/src/routes/auditReadiness.ts","290"
"qms.audit_readiness.view","client/src/config/userPermissions.ts","33"
"qms.audit_readiness.view","client/src/pages/QMSDesignControlPage.tsx","89"
"qms.audit_readiness.view","migrations/0218_as9100_audit_readiness.sql","222"
"qms.audit_readiness.view","migrations/0218_as9100_audit_readiness.sql","239"
"qms.audit_readiness.view","server/__tests__/auditReadinessArchitecture.test.ts","17"
"qms.audit_readiness.view","server/__tests__/designControlWorkspacePhase11.test.ts","214"
"qms.audit_readiness.view","server/src/designControlAuthorization.ts","8"
"qms.audit_readiness.view","server/src/designControlAuthorization.ts","47"
"qms.audit_readiness.view","server/src/designControlAuthorization.ts","71"
"qms.audit_readiness.view","server/src/routes/auditReadiness.ts","108"
"qms.audit_readiness.view","server/src/routes/auditReadiness.ts","176"
"qms.audit_readiness.view","server/src/routes/auditReadiness.ts","192"
"qms.audit_readiness.view","server/src/routes/auditReadiness.ts","198"
"qms.audit_readiness.view","server/src/routes/auditReadiness.ts","423"
"qms.change_control.admin","migrations/0230_qms_change_control_register.sql","205"
"qms.change_control.admin","server/index.ts","4606"
"qms.change_control.admin","server/src/capabilities.ts","104"
"qms.change_control.approve","migrations/0230_qms_change_control_register.sql","200"
"qms.change_control.approve","server/index.ts","4601"
"qms.change_control.approve","server/src/capabilities.ts","99"
"qms.change_control.close","migrations/0230_qms_change_control_register.sql","203"
"qms.change_control.close","server/index.ts","4604"
"qms.change_control.close","server/src/capabilities.ts","102"
"qms.change_control.create","client/src/components/qms/QualityActionWorkspace.tsx","1179"
"qms.change_control.create","client/src/pages/QMSChangeControlPage.tsx","337"
"qms.change_control.create","migrations/0230_qms_change_control_register.sql","196"
"qms.change_control.create","migrations/0230_qms_change_control_register.sql","218"
"qms.change_control.create","server/__tests__/qmsChangeControl.test.ts","86"
"qms.change_control.create","server/index.ts","4597"
"qms.change_control.create","server/src/capabilities.ts","95"
"qms.change_control.create","server/src/routes/changeControl.ts","145"
"qms.change_control.create","server/src/routes/changeControl.ts","249"
"qms.change_control.create","server/src/services/changeControlService.ts","1236"
"qms.change_control.implement","migrations/0230_qms_change_control_register.sql","201"
"qms.change_control.implement","migrations/0230_qms_change_control_register.sql","220"
"qms.change_control.implement","server/index.ts","4602"
"qms.change_control.implement","server/src/capabilities.ts","100"
"qms.change_control.import","client/src/pages/QMSChangeControlPage.tsx","327"
"qms.change_control.import","migrations/0230_qms_change_control_register.sql","197"
"qms.change_control.import","server/__tests__/qmsChangeControl.test.ts","87"
"qms.change_control.import","server/__tests__/qmsChangeControl.test.ts","88"
"qms.change_control.import","server/__tests__/qmsChangeControl.test.ts","89"
"qms.change_control.import","server/index.ts","4598"
"qms.change_control.import","server/src/capabilities.ts","96"
"qms.change_control.import","server/src/routes/changeControl.ts","254"
"qms.change_control.import","server/src/routes/changeControl.ts","266"
"qms.change_control.import","server/src/routes/changeControl.ts","284"
"qms.change_control.import","server/src/routes/changeControl.ts","302"
"qms.change_control.reopen","client/src/components/qms/QualityActionWorkspace.tsx","568"
"qms.change_control.reopen","migrations/0230_qms_change_control_register.sql","204"
"qms.change_control.reopen","server/index.ts","4605"
"qms.change_control.reopen","server/src/capabilities.ts","103"
"qms.change_control.reopen","server/src/services/changeControlService.ts","1921"
"qms.change_control.review","migrations/0230_qms_change_control_register.sql","199"
"qms.change_control.review","migrations/0230_qms_change_control_register.sql","219"
"qms.change_control.review","server/index.ts","4600"
"qms.change_control.review","server/src/capabilities.ts","98"
"qms.change_control.submit","migrations/0230_qms_change_control_register.sql","198"
"qms.change_control.submit","migrations/0230_qms_change_control_register.sql","219"
"qms.change_control.submit","server/index.ts","4599"
"qms.change_control.submit","server/src/capabilities.ts","97"
"qms.change_control.verify","migrations/0230_qms_change_control_register.sql","202"
"qms.change_control.verify","migrations/0230_qms_change_control_register.sql","220"
"qms.change_control.verify","server/index.ts","4603"
"qms.change_control.verify","server/src/capabilities.ts","101"
"qms.change_control.view","migrations/0230_qms_change_control_register.sql","195"
"qms.change_control.view","migrations/0230_qms_change_control_register.sql","218"
"qms.change_control.view","server/__tests__/qmsChangeControl.test.ts","85"
"qms.change_control.view","server/index.ts","4596"
"qms.change_control.view","server/src/capabilities.ts","94"
"qms.change_control.view","server/src/routes/changeControl.ts","123"
"qms.change_control.view","server/src/routes/changeControl.ts","128"
"qms.change_control.view","server/src/routes/changeControl.ts","133"
"qms.change_control.view","server/src/routes/changeControl.ts","157"
"qms.change_control.view","server/src/routes/changeControl.ts","187"
"qms.change_control.view","server/src/routes/changeControl.ts","199"
"qms.change_control.view","server/src/routes/changeControl.ts","244"
"qms.quality_action.approve_engineering","migrations/0235_quality_action_change_control.sql","226"
"qms.quality_action.approve_engineering","migrations/0235_quality_action_change_control.sql","256"
"qms.quality_action.approve_engineering","server/index.ts","4616"
"qms.quality_action.approve_engineering","server/src/capabilities.ts","114"
"qms.quality_action.approve_engineering","server/src/services/changeControlService.ts","1737"
"qms.quality_action.approve_finance","migrations/0235_quality_action_change_control.sql","229"
"qms.quality_action.approve_finance","migrations/0235_quality_action_change_control.sql","261"
"qms.quality_action.approve_finance","server/index.ts","4619"
"qms.quality_action.approve_finance","server/src/capabilities.ts","117"
"qms.quality_action.approve_finance","server/src/services/changeControlService.ts","1740"
"qms.quality_action.approve_production","migrations/0235_quality_action_change_control.sql","225"
"qms.quality_action.approve_production","migrations/0235_quality_action_change_control.sql","253"
"qms.quality_action.approve_production","server/index.ts","4615"
"qms.quality_action.approve_production","server/src/capabilities.ts","113"
"qms.quality_action.approve_production","server/src/services/changeControlService.ts","1736"
"qms.quality_action.approve_program_contracts","migrations/0235_quality_action_change_control.sql","227"
"qms.quality_action.approve_program_contracts","migrations/0235_quality_action_change_control.sql","259"
"qms.quality_action.approve_program_contracts","server/index.ts","4617"
"qms.quality_action.approve_program_contracts","server/src/capabilities.ts","115"
"qms.quality_action.approve_program_contracts","server/src/services/changeControlService.ts","1738"
"qms.quality_action.approve_quality","migrations/0235_quality_action_change_control.sql","224"
"qms.quality_action.approve_quality","migrations/0235_quality_action_change_control.sql","246"
"qms.quality_action.approve_quality","server/index.ts","4614"
"qms.quality_action.approve_quality","server/src/capabilities.ts","112"
"qms.quality_action.approve_quality","server/src/services/changeControlService.ts","1735"
"qms.quality_action.approve_technical_authority","migrations/0235_quality_action_change_control.sql","228"
"qms.quality_action.approve_technical_authority","migrations/0235_quality_action_change_control.sql","257"
"qms.quality_action.approve_technical_authority","server/index.ts","4618"
"qms.quality_action.approve_technical_authority","server/src/capabilities.ts","116"
"qms.quality_action.approve_technical_authority","server/src/services/changeControlService.ts","1739"
"qms.quality_action.assess_impact","client/src/components/qms/QualityActionWorkspace.tsx","712"
"qms.quality_action.assess_impact","client/src/components/qms/QualityActionWorkspace.tsx","877"
"qms.quality_action.assess_impact","migrations/0235_quality_action_change_control.sql","223"
"qms.quality_action.assess_impact","migrations/0235_quality_action_change_control.sql","246"
"qms.quality_action.assess_impact","migrations/0235_quality_action_change_control.sql","253"
"qms.quality_action.assess_impact","migrations/0235_quality_action_change_control.sql","256"
"qms.quality_action.assess_impact","server/__tests__/qualityActionCompletion.test.ts","39"
"qms.quality_action.assess_impact","server/index.ts","4613"
"qms.quality_action.assess_impact","server/src/capabilities.ts","111"
"qms.quality_action.assess_impact","server/src/routes/changeControl.ts","211"
"qms.quality_action.assess_impact","server/src/services/changeControlService.ts","1911"
"qms.quality_action.assess_impact","server/src/services/changeControlService.ts","1916"
"qms.quality_action.assess_impact","server/src/services/changeControlService.ts","2316"
"qms.quality_action.assign_investigation","client/src/components/qms/QualityActionWorkspace.tsx","580"
"qms.quality_action.assign_investigation","migrations/0235_quality_action_change_control.sql","221"
"qms.quality_action.assign_investigation","migrations/0235_quality_action_change_control.sql","245"
"qms.quality_action.assign_investigation","server/__tests__/qualityActionCompletion.test.ts","38"
"qms.quality_action.assign_investigation","server/index.ts","4611"
"qms.quality_action.assign_investigation","server/src/capabilities.ts","109"
"qms.quality_action.assign_investigation","server/src/routes/changeControl.ts","180"
"qms.quality_action.assign_investigation","server/src/services/changeControlService.ts","2027"
"qms.quality_action.authorize_implementation","client/src/components/qms/QualityActionWorkspace.tsx","997"
"qms.quality_action.authorize_implementation","client/src/components/qms/QualityActionWorkspace.tsx","1026"
"qms.quality_action.authorize_implementation","migrations/0235_quality_action_change_control.sql","231"
"qms.quality_action.authorize_implementation","migrations/0235_quality_action_change_control.sql","247"
"qms.quality_action.authorize_implementation","server/__tests__/qualityActionCompletion.test.ts","40"
"qms.quality_action.authorize_implementation","server/index.ts","4621"
"qms.quality_action.authorize_implementation","server/src/capabilities.ts","119"
"qms.quality_action.authorize_implementation","server/src/routes/changeControl.ts","204"
"qms.quality_action.authorize_implementation","server/src/routes/changeControl.ts","218"
"qms.quality_action.authorize_implementation","server/src/services/changeControlService.ts","2221"
"qms.quality_action.authorize_implementation","server/src/services/changeControlService.ts","2410"
"qms.quality_action.car_create","migrations/0235_quality_action_change_control.sql","218"
"qms.quality_action.car_create","migrations/0235_quality_action_change_control.sql","243"
"qms.quality_action.car_create","server/index.ts","4608"
"qms.quality_action.car_create","server/src/capabilities.ts","106"
"qms.quality_action.close","client/src/components/qms/QualityActionWorkspace.tsx","1089"
"qms.quality_action.close","migrations/0235_quality_action_change_control.sql","233"
"qms.quality_action.close","migrations/0235_quality_action_change_control.sql","248"
"qms.quality_action.close","server/__tests__/qualityActionCompletion.test.ts","43"
"qms.quality_action.close","server/index.ts","4623"
"qms.quality_action.close","server/src/capabilities.ts","121"
"qms.quality_action.close","server/src/routes/changeControl.ts","232"
"qms.quality_action.close","server/src/services/changeControlService.ts","2489"
"qms.quality_action.duplicate_admin","migrations/0235_quality_action_change_control.sql","235"
"qms.quality_action.duplicate_admin","migrations/0235_quality_action_change_control.sql","250"
"qms.quality_action.duplicate_admin","server/index.ts","4625"
"qms.quality_action.duplicate_admin","server/src/capabilities.ts","123"
"qms.quality_action.investigate","client/src/components/qms/QualityActionWorkspace.tsx","702"
"qms.quality_action.investigate","migrations/0235_quality_action_change_control.sql","222"
"qms.quality_action.investigate","migrations/0235_quality_action_change_control.sql","245"
"qms.quality_action.investigate","migrations/0235_quality_action_change_control.sql","252"
"qms.quality_action.investigate","migrations/0235_quality_action_change_control.sql","255"
"qms.quality_action.investigate","server/index.ts","4612"
"qms.quality_action.investigate","server/src/capabilities.ts","110"
"qms.quality_action.investigate","server/src/services/changeControlService.ts","1906"
"qms.quality_action.ncr_create","migrations/0235_quality_action_change_control.sql","217"
"qms.quality_action.ncr_create","migrations/0235_quality_action_change_control.sql","243"
"qms.quality_action.ncr_create","server/index.ts","4607"
"qms.quality_action.ncr_create","server/src/capabilities.ts","105"
"qms.quality_action.pcr_create","client/src/pages/QMSChangeControlPage.tsx","342"
"qms.quality_action.pcr_create","migrations/0235_quality_action_change_control.sql","219"
"qms.quality_action.pcr_create","migrations/0235_quality_action_change_control.sql","244"
"qms.quality_action.pcr_create","migrations/0235_quality_action_change_control.sql","252"
"qms.quality_action.pcr_create","migrations/0235_quality_action_change_control.sql","255"
"qms.quality_action.pcr_create","server/index.ts","4609"
"qms.quality_action.pcr_create","server/src/capabilities.ts","107"
"qms.quality_action.pcr_create","server/src/routes/changeControl.ts","140"
"qms.quality_action.pcr_create","server/src/routes/changeControl.ts","175"
"qms.quality_action.pcr_create","server/src/services/changeControlService.ts","1784"
"qms.quality_action.production_hold","migrations/0235_quality_action_change_control.sql","230"
"qms.quality_action.production_hold","migrations/0235_quality_action_change_control.sql","247"
"qms.quality_action.production_hold","server/index.ts","4620"
"qms.quality_action.production_hold","server/src/capabilities.ts","118"
"qms.quality_action.screen","client/src/components/qms/QualityActionWorkspace.tsx","311"
"qms.quality_action.screen","client/src/components/qms/QualityActionWorkspace.tsx","455"
"qms.quality_action.screen","client/src/components/qms/QualityActionWorkspace.tsx","523"
"qms.quality_action.screen","migrations/0235_quality_action_change_control.sql","220"
"qms.quality_action.screen","migrations/0235_quality_action_change_control.sql","244"
"qms.quality_action.screen","server/__tests__/qualityActionCompletion.test.ts","37"
"qms.quality_action.screen","server/index.ts","4610"
"qms.quality_action.screen","server/src/capabilities.ts","108"
"qms.quality_action.screen","server/src/routes/changeControl.ts","152"
"qms.quality_action.screen","server/src/routes/changeControl.ts","162"
"qms.quality_action.screen","server/src/services/changeControlService.ts","1866"
"qms.quality_action.screen","server/src/services/changeControlService.ts","1871"
"qms.quality_action.screen","server/src/services/changeControlService.ts","1877"
"qms.quality_action.screen","server/src/services/changeControlService.ts","1883"
"qms.quality_action.screen","server/src/services/changeControlService.ts","1889"
"qms.quality_action.screen","server/src/services/changeControlService.ts","1900"
"qms.quality_action.verify_effectiveness","client/src/components/qms/QualityActionWorkspace.tsx","1243"
"qms.quality_action.verify_effectiveness","migrations/0235_quality_action_change_control.sql","234"
"qms.quality_action.verify_effectiveness","migrations/0235_quality_action_change_control.sql","249"
"qms.quality_action.verify_effectiveness","server/__tests__/qualityActionCompletion.test.ts","42"
"qms.quality_action.verify_effectiveness","server/index.ts","4624"
"qms.quality_action.verify_effectiveness","server/src/capabilities.ts","122"
"qms.quality_action.verify_effectiveness","server/src/routes/changeControl.ts","237"
"qms.quality_action.verify_effectiveness","server/src/services/changeControlService.ts","730"
"qms.quality_action.verify_implementation","client/src/components/qms/QualityActionWorkspace.tsx","1069"
"qms.quality_action.verify_implementation","migrations/0235_quality_action_change_control.sql","232"
"qms.quality_action.verify_implementation","migrations/0235_quality_action_change_control.sql","248"
"qms.quality_action.verify_implementation","server/__tests__/qualityActionCompletion.test.ts","41"
"qms.quality_action.verify_implementation","server/index.ts","4622"
"qms.quality_action.verify_implementation","server/src/capabilities.ts","120"
"qms.quality_action.verify_implementation","server/src/routes/changeControl.ts","225"
"qms.quality_action.verify_implementation","server/src/services/changeControlService.ts","2440"
"qms.quality_action.workflow_admin","migrations/0235_quality_action_change_control.sql","236"
"qms.quality_action.workflow_admin","migrations/0235_quality_action_change_control.sql","250"
"qms.quality_action.workflow_admin","server/index.ts","4626"
"qms.quality_action.workflow_admin","server/src/capabilities.ts","124"
"quality.close_ncr","migrations/0130_audit_dcaa_security_section11.sql","197"
"quality.close_ncr","migrations/0130_audit_dcaa_security_section11.sql","222"
"quality.close_ncr","migrations/0130_audit_dcaa_security_section11.sql","229"
"quality.close_ncr","server/index.ts","4672"
"quality.manage_calibration","migrations/0129_quality_section9_ncr_capa_calibration.sql","130"
"quality.manage_calibration","migrations/0129_quality_section9_ncr_capa_calibration.sql","137"
"quality.manage_calibration","server/index.ts","4711"
"quality.manage_calibration","server/index.ts","4920"
"quality.manage_calibration","server/index.ts","4998"
"quality.manage_calibration","server/src/capabilities.ts","193"
"quality.manage_calibration","server/src/routes/quality.ts","1168"
"quality.manage_calibration","server/src/routes/quality.ts","1183"
"quality.manage_calibration","server/src/routes/quality.ts","1323"
"quality.manage_calibration","server/src/routes/quality.ts","1375"
"quality.manage_calibration","server/src/routes/quality.ts","1438"
"quality.manage_calibration","server/src/routes/quality.ts","1466"
"quality.manage_calibration","server/src/routes/quality.ts","1531"
"quality.manage_calibration","server/src/routes/quality.ts","1552"
"quality.manage_capa","migrations/0129_quality_section9_ncr_capa_calibration.sql","129"
"quality.manage_capa","migrations/0129_quality_section9_ncr_capa_calibration.sql","137"
"quality.manage_capa","server/index.ts","4710"
"quality.manage_capa","server/index.ts","4919"
"quality.manage_capa","server/index.ts","4997"
"quality.manage_capa","server/src/capabilities.ts","192"
"quality.manage_capa","server/src/routes/quality.ts","876"
"quality.manage_capa","server/src/routes/quality.ts","892"
"quality.manage_definitions","server/index.ts","4709"
"quality.manage_definitions","server/index.ts","4918"
"quality.manage_definitions","server/index.ts","4996"
"quality.manage_definitions","server/src/capabilities.ts","191"
"quality.manage_definitions","server/src/routes/quality.ts","354"
"quality.manage_definitions","server/src/routes/quality.ts","368"
"quality.manage_definitions","server/src/routes/quality.ts","383"
"quality.manager","server/__tests__/p2V2ProductionLaunchFeatureGate.test.ts","24"
"quality.route","migrations/0130_audit_dcaa_security_section11.sql","118"
"quality.route","migrations/0130_audit_dcaa_security_section11.sql","119"
"receiving.route","migrations/0130_audit_dcaa_security_section11.sql","110"
"receiving.route","migrations/0130_audit_dcaa_security_section11.sql","111"
"red.0","packages/training-app/client/src/pages/TrainerToday.tsx","150"
"red.0","packages/training-app/client/src/pages/TrainerTraining.tsx","590"
"red.0","packages/training-app/client/src/pages/TrainerTraining.tsx","773"
"red.0","packages/training-app/client/src/pages/TrainerTraining.tsx","790"
"red.7","packages/training-app/client/src/pages/TrainerTraining.tsx","774"
"red.7","packages/training-app/client/src/pages/TrainerTraining.tsx","777"
"red.7","packages/training-app/client/src/pages/TrainerTraining.tsx","798"
"red.8","packages/training-app/client/src/pages/TrainerToday.tsx","153"
"red.8","packages/training-app/client/src/pages/TrainerTraining.tsx","595"
"replit.dev","client/src/components/DeploymentAuthWrapper.tsx","26"
"reports.export","server/index.ts","4740"
"reports.export","server/index.ts","4934"
"reports.export","server/src/capabilities.ts","230"
"reports.export","server/src/routes/reports.ts","323"
"reports.export","server/src/routes/reports.ts","426"
"reports.export","server/src/routes/reports.ts","594"
"reports.manage_presets","server/index.ts","4741"
"reports.manage_presets","server/index.ts","4935"
"reports.manage_presets","server/src/capabilities.ts","231"
"reports.manage_presets","server/src/routes/reports.ts","666"
"reports.manage_presets","server/src/routes/reports.ts","681"
"reports.manage_presets","server/src/routes/reports.ts","698"
"req.body.quantity","server/__tests__/simpleManufacturingWorkOrderAction.test.ts","33"
"req.file.filename","server/__tests__/controlledDocumentStorage.test.ts","14"
"router.delete","server/__tests__/projectCommercialReview.test.ts","119"
"row.colliding_order_ids","client/src/__tests__/domainTruthShipmentRiskReport.component.test.tsx","20"
"row.shipped_date","client/src/__tests__/domainTruthShipmentRiskReport.component.test.tsx","18"
"row.tracking_number","client/src/__tests__/domainTruthShipmentRiskReport.component.test.tsx","19"
"sam.gov","client/src/components/inventory/VendorPOManager.tsx","222"
"sam.gov","client/src/components/inventory/VendorPOManager.tsx","406"
"sam.gov","client/src/components/inventory/VendorPOManager.tsx","4405"
"sam.gov","client/src/components/inventory/VendorPOManager.tsx","4557"
"sam.gov","client/src/pages/PurchaseRequisitionsPage.tsx","235"
"sam.gov","client/src/pages/PurchaseRequisitionsPage.tsx","322"
"sam.gov","server/schema.ts","27856"
"scheduler.py","github-export/server/src/routes/index.ts","728"
"scheduler.py","server/src/routes/index.ts","8655"
"scheduling.manage","server/index.ts","4737"
"scheduling.manage","server/index.ts","4933"
"scheduling.manage","server/index.ts","5001"
"scheduling.manage","server/src/capabilities.ts","227"
"scheduling.manage","server/src/routes/weeklySchedule.ts","19"
"scheduling.manage","server/src/routes/weeklySchedule.ts","30"
"scheduling.manage","server/src/routes/weeklySchedule.ts","71"
"scheduling.manage","server/src/routes/weeklySchedule.ts","88"
"scheduling.manage","server/src/routes/weeklySchedule.ts","99"
"schema.ts","server/__tests__/qualityActionCompletion.test.ts","21"
"secret.pdf","server/__tests__/controlledDocumentReconciliationSecurity.test.ts","122"
"shipment_items.quantity_x_purchase_order_items.unit_price","server/src/services/p1ShipmentRevenueService.ts","423"
"shipping.create_label","server/index.ts","4706"
"shipping.create_label","server/index.ts","4917"
"shipping.create_label","server/src/capabilities.ts","188"
"shipping.create_label","server/src/routes/shipping.ts","878"
"shipping.mark_shipped","server/index.ts","4705"
"shipping.mark_shipped","server/index.ts","4916"
"shipping.mark_shipped","server/index.ts","4995"
"shipping.mark_shipped","server/index.ts","5016"
"shipping.mark_shipped","server/src/capabilities.ts","187"
"shipping.mark_shipped","server/src/routes/p1Fulfillment.ts","88"
"shipping.mark_shipped","server/src/routes/p1Fulfillment.ts","105"
"shipping.mark_shipped","server/src/routes/p1Fulfillment.ts","122"
"shipping.mark_shipped","server/src/routes/p1Fulfillment.ts","139"
"shipping.mark_shipped","server/src/routes/p1Fulfillment.ts","156"
"shipping.mark_shipped","server/src/routes/p2Shipping.ts","3248"
"shipping.mark_shipped","server/src/routes/shipping.ts","363"
"shipping.release_shipment","migrations/0130_audit_dcaa_security_section11.sql","199"
"shipping.release_shipment","migrations/0130_audit_dcaa_security_section11.sql","224"
"shipping.release_shipment","migrations/0130_audit_dcaa_security_section11.sql","232"
"shipping.release_shipment","server/index.ts","4674"
"shipping.release_shipment","server/src/routes/p2Shipping.ts","714"
"shipping.release_shipment","server/src/routes/p2Shipping.ts","966"
"shipping.release_shipment","server/src/routes/p2Shipping.ts","1022"
"shipping.release_shipment","server/src/routes/p2Shipping.ts","1294"
"shipping.release_shipment","server/src/routes/p2Shipping.ts","1704"
"shipping.release_shipment","server/src/routes/p2Shipping.ts","2523"
"shipping.release_shipment","server/src/routes/p2Shipping.ts","2560"
"shipping.release_shipment","server/src/routes/p2Shipping.ts","2593"
"shipping.release_shipment","server/src/routes/p2Shipping.ts","3363"
"shipping.release_shipment","server/src/routes/p2Shipping.ts","3590"
"shipping.release_shipment","server/src/routes/p2Shipping.ts","3633"
"shipping.release_shipment","server/src/routes/p2Shipping.ts","3676"
"shipping.release_shipment","server/src/routes/p2Shipping.ts","3719"
"shipping.route","migrations/0130_audit_dcaa_security_section11.sql","122"
"shipping.route","migrations/0130_audit_dcaa_security_section11.sql","123"
"shipping.view","server/__tests__/p1FulfillmentRoute.test.ts","18"
"shipping.view","server/src/routes/p1Fulfillment.ts","66"
"shipping.view","server/src/routes/p1Fulfillment.ts","77"
"si.packing_slip_base64","server/__tests__/packingSlipRoute.test.ts","567"
"signed_document.pdf","client/src/pages/PDFSignatureTool.tsx","281"
"snapshot.jpg","server/__tests__/mediaDownloadRoute.test.ts","195"
"snapshot.jpg","server/__tests__/mediaDownloadRoute.test.ts","202"
"some.key","server/src/capabilities.ts","16"
"source.docx","server/__tests__/controlledDocumentRecovery.test.ts","138"
"source.jpg","server/__tests__/controlledDocumentRecovery.test.ts","157"
"source.pdf","server/__tests__/controlledDocumentReconciliationSecurity.test.ts","212"
"source.pdf","server/__tests__/controlledDocumentRecoveryPostgres.test.ts","341"
"source.pdf","server/__tests__/controlledDocumentRecoveryPostgres.test.ts","768"
"source.pdf","server/__tests__/controlledDocumentRecoveryPostgres.test.ts","812"
"source.png","server/__tests__/controlledDocumentRecovery.test.ts","156"
"source.tiff","server/__tests__/controlledDocumentRecovery.test.ts","158"
"space-y-0.5","client/src/components/BOMDefinitionForm.tsx","194"
"space-y-0.5","client/src/components/BOMItemForm.tsx","385"
"space-y-0.5","client/src/components/PersistentDiscountManager.tsx","424"
"space-y-0.5","client/src/components/PersistentDiscountManager.tsx","689"
"space-y-0.5","client/src/components/POManager.tsx","736"
"space-y-0.5","client/src/components/timekeeping/AuditTrailPanel.tsx","265"
"space-y-0.5","client/src/pages/admin/EdriDashboard.tsx","843"
"space-y-0.5","client/src/pages/cnc/MachinedPartRoutingPage.tsx","837"
"space-y-0.5","client/src/pages/cnc/MachinedPartRoutingPage.tsx","871"
"space-y-0.5","client/src/pages/EmployeeDetail.tsx","3601"
"space-y-0.5","client/src/pages/EmployeePortal.tsx","1467"
"space-y-0.5","client/src/pages/MaterialInventoryPage.tsx","1238"
"space-y-0.5","client/src/pages/ProductionCommandCenter.tsx","316"
"space-y-0.5","client/src/pages/PTOCommandCenter.tsx","1488"
"space-y-0.5","client/src/pages/timekeeping/SalariedDraftListPage.tsx","227"
"space-y-0.5","client/src/pages/TVDisplayPage.tsx","618"
"space-y-0.5","client/src/pages/VaultPage.tsx","944"
"space-y-0.5","docs/github-export-with-rail-update/client/src/components/PersistentDiscountManager.tsx","334"
"space-y-0.5","docs/github-export-with-rail-update/client/src/components/PersistentDiscountManager.tsx","534"
"space-y-0.5","docs/github-export/client/src/components/PersistentDiscountManager.tsx","334"
"space-y-0.5","docs/github-export/client/src/components/PersistentDiscountManager.tsx","534"
"space-y-0.5","github-export/client/src/components/BOMDefinitionForm.tsx","194"
"space-y-0.5","github-export/client/src/components/BOMItemForm.tsx","384"
"space-y-0.5","github-export/client/src/components/PersistentDiscountManager.tsx","421"
"space-y-0.5","github-export/client/src/components/PersistentDiscountManager.tsx","686"
"space-y-1.5","client/src/components/admin/SystemHealthWidget.tsx","88"
"space-y-1.5","client/src/components/admin/SystemHealthWidget.tsx","158"
"space-y-1.5","client/src/components/inventory/VendorPOManager.tsx","2454"
"space-y-1.5","client/src/components/p2/OverrideShippingDataModal.tsx","100"
"space-y-1.5","client/src/components/p2/OverrideShippingDataModal.tsx","110"
"space-y-1.5","client/src/components/p2/OverrideShippingDataModal.tsx","120"
"space-y-1.5","client/src/features/design-control/DesignControlStepEditor.tsx","755"
"space-y-1.5","client/src/features/design-control/DesignControlStepEditor.tsx","877"
"space-y-1.5","client/src/pages/admin/DcaaFindings.tsx","576"
"space-y-1.5","client/src/pages/admin/EdriDashboard.tsx","1205"
"space-y-1.5","client/src/pages/admin/EdriDashboard.tsx","1226"
"space-y-1.5","client/src/pages/admin/RolesPermissionsPage.tsx","402"
"space-y-1.5","client/src/pages/admin/RolesPermissionsPage.tsx","420"
"space-y-1.5","client/src/pages/admin/RolesPermissionsPage.tsx","443"
"space-y-1.5","client/src/pages/admin/RolesPermissionsPage.tsx","546"
"space-y-1.5","client/src/pages/admin/RolesPermissionsPage.tsx","564"
"space-y-1.5","client/src/pages/admin/RolesPermissionsPage.tsx","587"
"space-y-1.5","client/src/pages/admin/RolesPermissionsPage.tsx","614"
"space-y-1.5","client/src/pages/admin/RolesPermissionsPage.tsx","625"
"space-y-1.5","client/src/pages/cnc/index.tsx","1882"
"space-y-1.5","client/src/pages/cnc/index.tsx","1902"
"space-y-1.5","client/src/pages/cnc/index.tsx","1938"
"space-y-1.5","client/src/pages/cnc/index.tsx","1976"
"space-y-1.5","client/src/pages/CommandCenter.tsx","251"
"space-y-1.5","client/src/pages/cutting/CuttingOperatorDashboard.tsx","2449"
"space-y-1.5","client/src/pages/ExecutiveRundown.tsx","404"
"space-y-1.5","client/src/pages/InventoryReceivingControlCenter.tsx","433"
"space-y-1.5","client/src/pages/P2PackingSlipViewer.tsx","389"
"space-y-1.5","client/src/pages/P2PackingSlipViewer.tsx","398"
"space-y-1.5","client/src/pages/P2PackingSlipViewer.tsx","408"
"space-y-1.5","client/src/pages/P2PackingSlipViewer.tsx","418"
"space-y-1.5","client/src/pages/P2ShipmentDetail.tsx","636"
"space-y-1.5","client/src/pages/P2ShipmentDetail.tsx","640"
"space-y-1.5","client/src/pages/ProductionCommandCenter.tsx","186"
"space-y-1.5","client/src/pages/ProductionWorkOrderDetailPage.tsx","726"
"space-y-1.5","client/src/pages/ProductionWorkOrderDetailPage.tsx","876"
"space-y-1.5","client/src/pages/timekeeping/TimeClockAdminPage.tsx","1048"
"space-y-1.5","client/src/pages/timekeeping/TimeClockAdminPage.tsx","1060"
"space-y-1.5","client/src/pages/timekeeping/TimeClockAdminPage.tsx","3849"
"space-y-1.5","client/src/pages/timekeeping/TimeClockAdminPage.tsx","3859"
"space-y-1.5","client/src/pages/timekeeping/TimeClockAdminPage.tsx","3901"
"space-y-1.5","client/src/pages/timekeeping/TimeClockAdminPage.tsx","3941"
"space-y-1.5","client/src/pages/TravelerExecution.tsx","2627"
"space-y-1.5","client/src/pages/TravelerExecution.tsx","2646"
"space-y-1.5","client/src/pages/TravelerExecution.tsx","2663"
"space-y-1.5","client/src/pages/TravelerExecution.tsx","2845"
"space-y-1.5","client/src/pages/TravelerExecution.tsx","2865"
"space-y-1.5","client/src/pages/VendorPOComplianceBackfillPage.tsx","223"
"space-y-1.5","client/src/pages/VendorPOComplianceBackfillPage.tsx","313"
"space-y-1.5","client/src/pages/VendorPOComplianceBackfillPage.tsx","394"
"space-y-1.5","client/src/pages/VendorPOComplianceBackfillPage.tsx","403"
"spec_sheets.approve.customer","migrations/0233_part_specification_sheet_control.sql","206"
"spec_sheets.approve.customer","server/src/lib/partSpecificationSheetControl.ts","13"
"spec_sheets.approve.engineering","migrations/0233_part_specification_sheet_control.sql","203"
"spec_sheets.approve.engineering","server/__tests__/partSpecificationSheetPostgresCertification.test.ts","117"
"spec_sheets.approve.engineering","server/src/lib/partSpecificationSheetControl.ts","10"
"spec_sheets.approve.production","migrations/0233_part_specification_sheet_control.sql","205"
"spec_sheets.approve.production","server/src/lib/partSpecificationSheetControl.ts","12"
"spec_sheets.approve.quality","migrations/0233_part_specification_sheet_control.sql","204"
"spec_sheets.approve.quality","server/src/lib/partSpecificationSheetControl.ts","11"
"spec_sheets.create","migrations/0233_part_specification_sheet_control.sql","200"
"spec_sheets.create","server/src/lib/partSpecificationSheetControl.ts","7"
"spec_sheets.delete","migrations/0233_part_specification_sheet_control.sql","211"
"spec_sheets.delete","server/src/lib/partSpecificationSheetControl.ts","18"
"spec_sheets.edit","migrations/0233_part_specification_sheet_control.sql","201"
"spec_sheets.edit","server/src/lib/partSpecificationSheetControl.ts","8"
"spec_sheets.history.view","migrations/0233_part_specification_sheet_control.sql","212"
"spec_sheets.history.view","server/src/capabilities.ts","51"
"spec_sheets.history.view","server/src/lib/partSpecificationSheetControl.ts","19"
"spec_sheets.history.view","server/src/routes/travelers.ts","1780"
"spec_sheets.obsolete","migrations/0233_part_specification_sheet_control.sql","209"
"spec_sheets.obsolete","server/src/lib/partSpecificationSheetControl.ts","16"
"spec_sheets.release","migrations/0233_part_specification_sheet_control.sql","207"
"spec_sheets.release","server/src/lib/partSpecificationSheetControl.ts","14"
"spec_sheets.reopen","migrations/0233_part_specification_sheet_control.sql","210"
"spec_sheets.reopen","server/src/lib/partSpecificationSheetControl.ts","17"
"spec_sheets.submit","migrations/0233_part_specification_sheet_control.sql","202"
"spec_sheets.submit","server/src/lib/partSpecificationSheetControl.ts","9"
"spec_sheets.supersede","migrations/0233_part_specification_sheet_control.sql","208"
"spec_sheets.supersede","server/src/lib/partSpecificationSheetControl.ts","15"
"spec_sheets.template.create","migrations/0233_part_specification_sheet_control.sql","197"
"spec_sheets.template.create","server/src/lib/partSpecificationSheetControl.ts","4"
"spec_sheets.template.deactivate","migrations/0233_part_specification_sheet_control.sql","199"
"spec_sheets.template.deactivate","server/src/lib/partSpecificationSheetControl.ts","6"
"spec_sheets.template.update","migrations/0233_part_specification_sheet_control.sql","198"
"spec_sheets.template.update","server/src/lib/partSpecificationSheetControl.ts","5"
"spec-sheet.pdf","server/__tests__/mediaDownloadRoute.test.ts","146"
"spec-sheet.pdf","server/__tests__/mediaDownloadRoute.test.ts","153"
"spec-sheet.pdf","server/__tests__/mediaDownloadRoute.test.ts","165"
"spec.pdf","server/__tests__/vendorDocMigration.test.ts","200"
"specific_sales_orders.csv","database_export_2025-08-13T04-27-34.sql","846"
"specific_sales_orders.csv","database_export_2025-08-28T21-28-04.sql","977"
"specific_sales_orders.csv","github-export/database_export_2025-08-28T21-28-04.sql","977"
"storage.cloud.google.com","client/src/pages/FabricInventoryPage.tsx","231"
"storage.googleapis.com","client/src/pages/FabricInventoryPage.tsx","230"
"storage.objects.create","server/__tests__/fileStorageProviderErrors.test.ts","9"
"superbrightleds.com","client/src/data/privateerDraftBom.ts","512"
"superbrightleds.com","client/src/data/privateerDraftBom.ts","530"
"survey-extracted.txt","scripts/extract-survey-pdf.ts","31"
"sw.js","server/vite.ts","99"
"sync-molds.ts","server/src/scripts/sync-molds.ts","124"
"teal.0","packages/training-app/client/src/pages/TrainerTraining.tsx","233"
"teal.0","packages/training-app/client/src/pages/TrainerTraining.tsx","345"
"teal.8","packages/training-app/client/src/pages/TrainerTraining.tsx","346"
"test-another.csv","database_export_2025-08-13T04-27-34.sql","845"
"test-another.csv","database_export_2025-08-28T21-28-04.sql","976"
"test-another.csv","github-export/database_export_2025-08-28T21-28-04.sql","976"
"test-persistent.csv","database_export_2025-08-13T04-27-34.sql","844"
"test-persistent.csv","database_export_2025-08-28T21-28-04.sql","975"
"test-persistent.csv","github-export/database_export_2025-08-28T21-28-04.sql","975"
"test.pdf","server/__tests__/cuttingDocumentsRoute.test.ts","60"
"test.pdf","server/__tests__/cuttingDocumentsRoute.test.ts","71"
"time.approve","server/index.ts","4551"
"time.approve","server/src/capabilities.ts","39"
"time.edit_entry","server/__tests__/timesheetPermissionEnforcement.test.ts","80"
"time.edit_entry","server/__tests__/timesheetPermissionEnforcement.test.ts","117"
"time.edit_entry","server/index.ts","4550"
"time.edit_entry","server/src/capabilities.ts","38"
"time.edit_entry","server/src/validateCapabilities.ts","20"
"timekeeping.labor_capture_suggestions","migrations/0085_labor_capture_suggestions.sql","44"
"timekeeping.payroll_export_batches","server/src/services/laborDistributionReportService.ts","437"
"timekeeping.pto.approve_hr","client/src/config/userPermissions.ts","18"
"timekeeping.pto.approve_hr","client/src/pages/PTOCommandCenter.tsx","955"
"timekeeping.pto.approve_hr","client/src/pages/PTOCommandCenter.tsx","1191"
"timekeeping.pto.approve_hr","client/src/pages/PTOCommandCenter.tsx","1812"
"timekeeping.pto.approve_hr","client/src/pages/timekeeping/TimeClockAdminPage.tsx","3542"
"timekeeping.pto.approve_hr","server/index.ts","4747"
"timekeeping.pto.approve_hr","server/index.ts","5074"
"timekeeping.pto.approve_hr","server/src/capabilities.ts","237"
"timekeeping.pto.approve_hr","server/src/routes/timekeeping/ptoCommandCenter.ts","63"
"timekeeping.pto.approve_hr","server/src/routes/timekeeping/ptoCommandCenter.ts","80"
"timekeeping.pto.approve_hr","server/src/routes/timekeeping/ptoCommandCenter.ts","164"
"timekeeping.pto.approve_hr","server/src/routes/timekeeping/ptoCommandCenter.ts","167"
"timekeeping.pto.approve_hr","server/src/routes/timekeeping/ptoCommandCenter.ts","234"
"timekeeping.pto.approve_hr","server/src/routes/timekeeping/ptoCommandCenter.ts","291"
"timekeeping.pto.approve_hr","server/src/routes/timekeeping/ptoCommandCenter.ts","362"
"timekeeping.pto.approve_hr","server/src/routes/timekeeping/ptoCommandCenter.ts","1192"
"timekeeping.pto.approve_hr","server/src/routes/timekeeping/ptoCommandCenter.ts","1415"
"timekeeping.pto.approve_hr","server/src/routes/timekeeping/timeoff.ts","365"
"timekeeping.pto.approve_hr","server/src/routes/timekeeping/timeoff.ts","461"
"timekeeping.pto.approve_supervisor","client/src/config/userPermissions.ts","17"
"timekeeping.pto.approve_supervisor","client/src/pages/PTOCommandCenter.tsx","954"
"timekeeping.pto.approve_supervisor","client/src/pages/PTOCommandCenter.tsx","1190"
"timekeeping.pto.approve_supervisor","client/src/pages/PTOCommandCenter.tsx","1811"
"timekeeping.pto.approve_supervisor","client/src/pages/timekeeping/TimeClockAdminPage.tsx","3541"
"timekeeping.pto.approve_supervisor","server/index.ts","4746"
"timekeeping.pto.approve_supervisor","server/index.ts","5053"
"timekeeping.pto.approve_supervisor","server/src/capabilities.ts","236"
"timekeeping.pto.approve_supervisor","server/src/routes/timekeeping/ptoCommandCenter.ts","62"
"timekeeping.pto.approve_supervisor","server/src/routes/timekeeping/ptoCommandCenter.ts","79"
"timekeeping.pto.approve_supervisor","server/src/routes/timekeeping/ptoCommandCenter.ts","163"
"timekeeping.pto.approve_supervisor","server/src/routes/timekeeping/ptoCommandCenter.ts","167"
"timekeeping.pto.approve_supervisor","server/src/routes/timekeeping/ptoCommandCenter.ts","169"
"timekeeping.pto.approve_supervisor","server/src/routes/timekeeping/ptoCommandCenter.ts","233"
"timekeeping.pto.approve_supervisor","server/src/routes/timekeeping/ptoCommandCenter.ts","291"
"timekeeping.pto.approve_supervisor","server/src/routes/timekeeping/ptoCommandCenter.ts","362"
"timekeeping.pto.approve_supervisor","server/src/routes/timekeeping/ptoCommandCenter.ts","364"
"timekeeping.pto.approve_supervisor","server/src/routes/timekeeping/ptoCommandCenter.ts","1191"
"timekeeping.pto.approve_supervisor","server/src/routes/timekeeping/timeoff.ts","364"
"timekeeping.pto.approve_supervisor","server/src/routes/timekeeping/timeoff.ts","460"
"timekeeping.pto.approve_vp","client/src/config/userPermissions.ts","19"
"timekeeping.pto.approve_vp","client/src/pages/PTOCommandCenter.tsx","956"
"timekeeping.pto.approve_vp","client/src/pages/PTOCommandCenter.tsx","1192"
"timekeeping.pto.approve_vp","client/src/pages/PTOCommandCenter.tsx","1813"
"timekeeping.pto.approve_vp","client/src/pages/timekeeping/TimeClockAdminPage.tsx","3543"
"timekeeping.pto.approve_vp","server/index.ts","4748"
"timekeeping.pto.approve_vp","server/index.ts","5098"
"timekeeping.pto.approve_vp","server/src/capabilities.ts","238"
"timekeeping.pto.approve_vp","server/src/routes/timekeeping/ptoCommandCenter.ts","64"
"timekeeping.pto.approve_vp","server/src/routes/timekeeping/ptoCommandCenter.ts","81"
"timekeeping.pto.approve_vp","server/src/routes/timekeeping/ptoCommandCenter.ts","165"
"timekeeping.pto.approve_vp","server/src/routes/timekeeping/ptoCommandCenter.ts","167"
"timekeeping.pto.approve_vp","server/src/routes/timekeeping/ptoCommandCenter.ts","235"
"timekeeping.pto.approve_vp","server/src/routes/timekeeping/ptoCommandCenter.ts","291"
"timekeeping.pto.approve_vp","server/src/routes/timekeeping/ptoCommandCenter.ts","362"
"timekeeping.pto.approve_vp","server/src/routes/timekeeping/ptoCommandCenter.ts","1193"
"timekeeping.pto.approve_vp","server/src/routes/timekeeping/ptoCommandCenter.ts","1223"
"timekeeping.pto.approve_vp","server/src/routes/timekeeping/ptoCommandCenter.ts","1225"
"timekeeping.pto.approve_vp","server/src/routes/timekeeping/ptoCommandCenter.ts","1416"
"timekeeping.pto.approve_vp","server/src/routes/timekeeping/timeoff.ts","366"
"timekeeping.pto.approve_vp","server/src/routes/timekeeping/timeoff.ts","462"
"timekeeping.pto.cancel_request","server/index.ts","4750"
"timekeeping.pto.cancel_request","server/src/capabilities.ts","240"
"timekeeping.pto.submit_on_behalf","client/src/pages/PTOCommandCenter.tsx","1834"
"timekeeping.pto.submit_on_behalf","server/index.ts","4745"
"timekeeping.pto.submit_on_behalf","server/index.ts","5053"
"timekeeping.pto.submit_on_behalf","server/index.ts","5074"
"timekeeping.pto.submit_on_behalf","server/index.ts","5103"
"timekeeping.pto.submit_on_behalf","server/src/capabilities.ts","235"
"timekeeping.pto.submit_on_behalf","server/src/routes/timekeeping/timeoff.ts","394"
"timekeeping.pto.submit_self","server/index.ts","4744"
"timekeeping.pto.submit_self","server/index.ts","5048"
"timekeeping.pto.submit_self","server/src/capabilities.ts","234"
"timekeeping.pto.view_all","client/src/config/userPermissions.ts","16"
"timekeeping.pto.view_all","client/src/pages/PTOCommandCenter.tsx","1810"
"timekeeping.pto.view_all","server/index.ts","4749"
"timekeeping.pto.view_all","server/index.ts","5074"
"timekeeping.pto.view_all","server/index.ts","5103"
"timekeeping.pto.view_all","server/src/capabilities.ts","239"
"timekeeping.pto.view_all","server/src/routes/timekeeping/ptoCommandCenter.ts","65"
"timekeeping.pto.view_all","server/src/routes/timekeeping/ptoCommandCenter.ts","78"
"timekeeping.pto.view_all","server/src/routes/timekeeping/ptoCommandCenter.ts","162"
"timekeeping.pto.view_all","server/src/routes/timekeeping/ptoCommandCenter.ts","167"
"timekeeping.pto.view_all","server/src/routes/timekeeping/ptoCommandCenter.ts","232"
"timekeeping.pto.view_all","server/src/routes/timekeeping/ptoCommandCenter.ts","362"
"timekeeping.pto.view_all","server/src/routes/timekeeping/ptoCommandCenter.ts","386"
"timekeeping.pto.view_all","server/src/routes/timekeeping/ptoCommandCenter.ts","465"
"timekeeping.pto.view_all","server/src/routes/timekeeping/ptoCommandCenter.ts","530"
"timekeeping.pto.view_all","server/src/routes/timekeeping/ptoCommandCenter.ts","657"
"timekeeping.pto.view_all","server/src/routes/timekeeping/ptoCommandCenter.ts","775"
"timekeeping.pto.view_all","server/src/routes/timekeeping/ptoCommandCenter.ts","937"
"timekeeping.pto.view_all","server/src/routes/timekeeping/ptoCommandCenter.ts","1091"
"timekeeping.pto.view_all","server/src/routes/timekeeping/ptoCommandCenter.ts","1156"
"timekeeping.pto.view_all","server/src/routes/timekeeping/ptoCommandCenter.ts","1264"
"timekeeping.pto.view_all","server/src/routes/timekeeping/ptoCommandCenter.ts","1408"
"timekeeping.pto.view_all","server/src/routes/timekeeping/timeoff.ts","263"
"timekeeping.pto.view_all","server/src/routes/timekeeping/timeoff.ts","278"
"timekeeping.pto.view_all","server/src/routes/timekeeping/timeoff.ts","290"
"timekeeping.pto.view_all","server/src/routes/timekeeping/timeoff.ts","310"
"timekeeping.pto.view_all","server/src/routes/timekeeping/timeoff.ts","334"
"timekeeping.salaried_timesheets","server/src/services/laborDistributionReportService.ts","428"
"timekeeping.salaried.approve_payroll","server/index.ts","4754"
"timekeeping.salaried.approve_payroll","server/index.ts","5084"
"timekeeping.salaried.approve_payroll","server/src/routes/timekeeping/salariedTimesheets.ts","840"
"timekeeping.salaried.approve_supervisor","server/index.ts","4753"
"timekeeping.salaried.approve_supervisor","server/index.ts","5063"
"timekeeping.salaried.approve_supervisor","server/index.ts","5103"
"timekeeping.salaried.approve_supervisor","server/src/routes/timekeeping/salariedTimesheets.ts","579"
"timekeeping.salaried.approve_supervisor","server/src/routes/timekeeping/salariedTimesheets.ts","732"
"timekeeping.salaried.override_certification","server/index.ts","4756"
"timekeeping.salaried.override_certification","server/index.ts","5084"
"timekeeping.salaried.reopen","server/index.ts","4755"
"timekeeping.salaried.reopen","server/index.ts","5084"
"timekeeping.salaried.reopen","server/src/routes/timekeeping/salariedTimesheets.ts","965"
"timekeeping.salaried.view_review_queue","server/index.ts","4752"
"timekeeping.salaried.view_review_queue","server/index.ts","5063"
"timekeeping.salaried.view_review_queue","server/index.ts","5084"
"timekeeping.salaried.view_review_queue","server/index.ts","5103"
"timekeeping.salaried.view_review_queue","server/src/routes/timekeeping/salariedTimesheets.ts","185"
"timekeeping.salaried.view_review_queue","server/src/routes/timekeeping/salariedTimesheets.ts","223"
"timekeeping.time_clock_admin.access","client/src/config/userPermissions.ts","22"
"timekeeping.time_clock_admin.access","server/index.ts","4751"
"timekeeping.time_clock_admin.access","server/middleware/routeAuthorization.ts","236"
"timekeeping.time_clock_admin.access","server/middleware/routeAuthorization.ts","285"
"timekeeping.time_clock_admin.access","server/src/capabilities.ts","241"
"timekeeping.timesheet_corrections","server/__tests__/payrollExportPhase1.test.ts","576"
"timekeeping.timesheet_corrections","server/src/services/timesheetCorrectionLogReportService.ts","314"
"timekeeping.timesheet_corrections","server/src/services/timesheetCorrectionLogReportService.ts","315"
"timekeeping.timesheets","migrations/0092_timesheet_status_extended.sql","22"
"timekeeping.timesheets","server/src/services/timesheetCorrectionLogReportService.ts","316"
"timekeeping.timesheets.service","server/src/services/timekeeping/timesheets.service.ts","658"
"training.authorization.approve","migrations/0270_certification_authorization_matrix.sql","110"
"training.authorization.approve","server/src/routes/certificationAuthorizations.ts","167"
"training.authorization.change_status","migrations/0270_certification_authorization_matrix.sql","111"
"training.authorization.change_status","server/src/routes/certificationAuthorizations.ts","205"
"training.authorization.grant","migrations/0270_certification_authorization_matrix.sql","109"
"training.authorization.grant","server/src/routes/certificationAuthorizations.ts","126"
"training.authorization.view","migrations/0270_certification_authorization_matrix.sql","108"
"training.authorization.view","server/src/routes/certificationAuthorizations.ts","66"
"training.authorization.view","server/src/routes/certificationAuthorizations.ts","109"
"training.manage_content","server/index.ts","4730"
"training.manage_content","server/index.ts","4930"
"training.manage_content","server/index.ts","4999"
"training.manage_content","server/src/capabilities.ts","209"
"training.manage_content","server/src/routes/training.ts","645"
"training.manage_content","server/src/routes/training.ts","662"
"training.manage_content","server/src/routes/training.ts","718"
"training.manage_content","server/src/routes/training.ts","1165"
"training.record_completion","server/index.ts","4731"
"training.record_completion","server/index.ts","4931"
"training.record_completion","server/index.ts","5000"
"training.record_completion","server/index.ts","5017"
"training.record_completion","server/src/capabilities.ts","210"
"training.record_completion","server/src/routes/training.ts","1554"
"training.record_completion","server/src/routes/training.ts","1596"
"transcript.text.delta","server/replit_integrations/audio/client.ts","234"
"travelers.finish","server/__tests__/permissionEnforcement.test.ts","471"
"travelers.finish","server/__tests__/permissionEnforcement.test.ts","475"
"travelers.finish","server/index.ts","4547"
"travelers.finish","server/index.ts","4840"
"travelers.finish","server/src/capabilities.ts","33"
"travelers.finish","server/src/routes/travelers.ts","2478"
"travelers.sign_qc","server/__tests__/permissionEnforcement.test.ts","520"
"travelers.sign_qc","server/__tests__/permissionEnforcement.test.ts","524"
"travelers.sign_qc","server/__tests__/permissionEnforcement.test.ts","686"
"travelers.sign_qc","server/__tests__/permissionEnforcement.test.ts","694"
"travelers.sign_qc","server/__tests__/permissionEnforcement.test.ts","711"
"travelers.sign_qc","server/__tests__/permissionEnforcement.test.ts","728"
"travelers.sign_qc","server/__tests__/permissionEnforcement.test.ts","731"
"travelers.sign_qc","server/index.ts","4548"
"travelers.sign_qc","server/index.ts","4840"
"travelers.sign_qc","server/src/capabilities.ts","34"
"travelers.sign_qc","server/src/routes/cncDashboard.ts","1367"
"travelers.sign_qc","server/src/routes/travelers.ts","3766"
"travelers.sign_qc","server/src/routes/travelers.ts","3812"
"travelers.sign_qc_preproduction","server/index.ts","4549"
"travelers.sign_qc_preproduction","server/src/capabilities.ts","35"
"travelers.sign_qc_preproduction","server/src/routes/preproductionChecklists.ts","940"
"travelers.start","server/__tests__/permissionEnforcement.test.ts","426"
"travelers.start","server/__tests__/permissionEnforcement.test.ts","430"
"travelers.start","server/index.ts","4546"
"travelers.start","server/index.ts","4840"
"travelers.start","server/src/capabilities.ts","32"
"travelers.start","server/src/routes/travelers.ts","2437"
"user.read","server/src/routes/microsoftAuth.ts","99"
"user.read","server/src/routes/microsoftAuth.ts","185"
"v.approved","server/storage.ts","9355"
"v.created_at","server/storage.ts","9359"
"v.created_at","server/storage.ts","9362"
"v.name","server/storage.ts","9354"
"v.updated_at","server/storage.ts","9358"
"v8.3.0","server/__tests__/epochSoftwareValidationRules.test.ts","57"
"vault_documents.classification","server/src/services/cmmcEvidenceMapping.ts","65"
"vault.access","migrations/0130_audit_dcaa_security_section11.sql","198"
"vault.access","migrations/0130_audit_dcaa_security_section11.sql","223"
"vault.access","migrations/0130_audit_dcaa_security_section11.sql","230"
"vault.access","migrations/0130_audit_dcaa_security_section11.sql","231"
"vault.access","server/index.ts","4673"
"vault.download_denied","server/src/routes/vault.ts","495"
"vault.route","migrations/0130_audit_dcaa_security_section11.sql","124"
"vi.hoisted","server/__tests__/salariedTimesheetWorkflowCompletion.test.ts","53"
"w-3.5","client/src/pages/admin/QueueIntegrityMonitor.tsx","126"
"window.alert","server/__tests__/designControlWorkspacePhase11.test.ts","249"
"work_orders.approve_overrun","server/__tests__/permissionEnforcement.test.ts","377"
"work_orders.approve_overrun","server/__tests__/permissionEnforcement.test.ts","381"
"work_orders.approve_overrun","server/index.ts","4544"
"work_orders.approve_overrun","server/index.ts","4932"
"work_orders.approve_overrun","server/src/capabilities.ts","28"
"work_orders.approve_overrun","server/src/routes/workOrders.ts","2696"
"work_orders.override_charges","server/index.ts","4545"
"work_orders.override_charges","server/index.ts","4857"
"work_orders.override_charges","server/src/capabilities.ts","29"
"work_orders.override_charges","server/src/routes/travelers.ts","852"
"work_orders.override_charges","server/src/routes/travelers.ts","1231"
"work_orders.override_charges","server/src/routes/travelers.ts","1652"
"work_orders.override_charges","server/src/routes/travelers.ts","3083"
"work_orders.override_charges","server/src/routes/travelers.ts","3130"
"work_orders.override_charges","server/src/routes/workOrders.ts","1958"
"work_orders.override_charges","server/src/routes/workOrders.ts","2082"
"work_orders.release","server/__tests__/permissionEnforcement.test.ts","329"
"work_orders.release","server/__tests__/permissionEnforcement.test.ts","333"
"work_orders.release","server/index.ts","4543"
"work_orders.release","server/index.ts","4821"
"work_orders.release","server/src/capabilities.ts","27"
"work_orders.release","server/src/permissions.ts","27"
"work_orders.release","server/src/routes/workOrders.ts","732"
"work_orders.release","server/src/routes/workOrders.ts","818"
"work_orders.release","server/src/routes/workOrders.ts","1076"
"work_orders.release","server/src/routes/workOrders.ts","1706"
"work_orders.release","server/src/routes/workOrders.ts","2366"
"work_orders.release","server/src/routes/workOrders.ts","2392"
"work_orders.release","server/src/routes/workOrders.ts","4026"
"work_orders.release","server/src/routes/workOrders.ts","4187"
"work_orders.release","server/src/routes/workOrders.ts","4221"
"work_orders.release","server/src/routes/workOrders.ts","4361"
"work_orders.release","server/src/validateCapabilities.ts","19"
"www.agadvanced.com","shared/company-config.ts","16"
"www.agcomposites.com","client/src/pages/MarketingCommunications.tsx","461"
"www.agcomposites.com","client/src/pages/MarketingCommunications.tsx","970"
"www.agcomposites.com","server/src/routes/marketing.ts","184"
"www.agcomposites.com","server/src/routes/marketing.ts","212"
"www.agcomposites.com","server/src/routes/marketing.ts","287"
"www.agcomposites.com","server/src/routes/marketing.ts","311"
"www.agcomposites.com","server/src/routes/marketing.ts","358"
"www.agcomposites.com","shared/company-config.ts","15"
"www.company.com","client/src/pages/PDFTemplateManager.tsx","693"
