"source","line","evidence"
"server/auth.ts","461","export const requireAuth = (allowedRoles?: string[]) => {"
"server/auth.ts","477","if (allowedRoles && !allowedRoles.includes(user.role)) {"
"server/communication/capabilities.ts","26","if (!ALLOWED_ROLES.includes(user.role)) {"
"server/index.ts","355","// by requirePermission will correctly enforce capability checks when req.user is set."
"server/index.ts","5170","// Validate that every capability key referenced in requirePermission() calls"
"server/middleware/auth.ts","20","* but resolves to no employee in the database.  requirePermission reads this flag"
"server/middleware/auth.ts","137","export function requireRole(...allowedRoles: string[]) {"
"server/middleware/auth.ts","143","if (!allowedRoles.includes(req.user.role)) {"
"server/middleware/auth.ts","167","if (req.user.role === 'ADMIN' || req.user.role === 'HR') {"
"server/middleware/auth.ts","350","requireRole('ADMIN', 'OWNER'),"
"server/middleware/badgeAuth.ts","18","* Routes that require a populated req.user (e.g. via requirePermission) will"
"server/middleware/badgeAuth.ts","23","* requirePermission) can return a more helpful ""Badge not recognised"" error"
"server/middleware/badgeAuth.ts","102","// the ADMIN bypass in userHasScopedCapability) fire correctly for badge scans."
"server/middleware/badgeAuth.ts","138","// so requirePermission can return a descriptive ""Badge not recognised"" error."
"server/middleware/requirePermission.ts","28","sourceService: 'requirePermission.middleware',"
"server/middleware/requirePermission.ts","45","'[requirePermission] Failed to record controlled-document reconciliation authorization',"
"server/middleware/requirePermission.ts","55","*   app.post('/api/invoices', requirePermission('finance.invoice.create'), handler)"
"server/middleware/requirePermission.ts","63","export function requirePermission(capabilityKey: string) {"
"server/middleware/requirePermission.ts","79","if (role === 'ADMIN' || role === 'OWNER') {"
"server/middleware/requirePermission.ts","98","console.error('[requirePermission] Error checking permissions:', err);"
"server/middleware/requirePermission.ts","106","export function requireAnyPermission(capabilityKeys: readonly string[]) {"
"server/middleware/requirePermission.ts","108","throw new Error('requireAnyPermission requires at least one capability');"
"server/middleware/requirePermission.ts","115","if (role === 'ADMIN' || role === 'OWNER') return next();"
"server/middleware/requirePermission.ts","126","console.error('[requireAnyPermission] Error checking permissions:', err);"
"server/middleware/routeAuthorization.ts","390","for (const [routePattern, allowedRoles] of Object.entries(ROLE_ROUTE_ACCESS)) {"
"server/middleware/routeAuthorization.ts","392","if (allowedRoles.includes(role)) return true;"
"server/middleware/routeAuthorization.ts","463","if (role === 'ADMIN' || role === 'OWNER') {"
"server/middleware/routeAuthorization.ts","516","if (hasFullAccess(username) || role === 'ADMIN' || role === 'OWNER') {"
"server/middleware/routeAuthorization.ts","535","if (hasFullAccess(username) || role === 'ADMIN' || role === 'OWNER' || role === 'FINANCE') {"
"server/src/capabilities.ts","5","* requirePermission(). This list is used as a cross-check against the live"
"server/src/capabilities.ts","16","* When adding a new requirePermission('some.key') call:"
"server/src/capabilities.ts","22","* Note: requirePermission() calls must use string literals (not variables) so the"
"server/src/capabilities.ts","246","// note), so it is not listed here as a requirePermission() callsite."
"server/src/lib/partSpecificationSheetControl.ts","65","role === 'ADMIN' ||"
"server/src/lib/partSpecificationSheetControl.ts","66","role === 'OWNER' ||"
"server/src/lib/travelerGates.ts","12","requireApplicableAuthorization,"
"server/src/lib/travelerGates.ts","351","await requireApplicableAuthorization({"
"server/src/lib/travelerGates.ts","602","await requireApplicableAuthorization({"
"server/src/middleware/requireAccountingAdmin.ts","12","if (role === 'ACCOUNTING_ADMIN' || role === 'ADMIN' || role === 'OWNER') return true;"
"server/src/middleware/requireExecutiveAccess.ts","12","export function requireRoleOrCapability(allowedRoles: string[]) {"
"server/src/middleware/requireExecutiveAccess.ts","26","if (allowedRoles.includes(normalizedRole)) {"
"server/src/middleware/requireExecutiveAccess.ts","45","export const requireExecutiveAccess = requireRoleOrCapability(EXECUTIVE_ROLES);"
"server/src/permissions.ts","1","import { userHasScopedCapability, type ScopeContext } from './services/permissionService';"
"server/src/permissions.ts","27","*   await requireScopedCapability(req.user, 'work_orders.release', { projectId: wad.projectId });"
"server/src/permissions.ts","35","export async function requireScopedCapability("
"server/src/permissions.ts","44","const allowed = await userHasScopedCapability(user.id, user.role, capabilityKey, context);"
"server/src/routes/accountingEventMatrix.ts","3","import { requirePermission } from '../../middleware/requirePermission';"
"server/src/routes/accountingEventMatrix.ts","12","router.use(requirePermission('finance.view'));"
"server/src/routes/admin.ts","2","import { authenticateToken, requireRole } from '../../middleware/auth';"
"server/src/routes/admin.ts","3","import { requirePermission } from '../../middleware/requirePermission';"
"server/src/routes/admin.ts","137","requireRole('ADMIN'),"
"server/src/routes/admin.ts","193","requireRole('ADMIN', 'OWNER'),"
"server/src/routes/admin.ts","324","requireRole('ADMIN'),"
"server/src/routes/admin.ts","770","requireRole('ADMIN'),"
"server/src/routes/admin.ts","982","requireRole('ADMIN'),"
"server/src/routes/admin.ts","991","requireRole('ADMIN'),"
"server/src/routes/admin.ts","1127","requireRole('admin'),"
"server/src/routes/admin.ts","1170","requireRole('ADMIN'),"
"server/src/routes/admin.ts","1228","requireRole('ADMIN'),"
"server/src/routes/admin.ts","1324","requireRole('ADMIN'),"
"server/src/routes/admin.ts","1394","requireRole('ADMIN'),"
"server/src/routes/admin.ts","1412","requireRole('ADMIN'),"
"server/src/routes/admin.ts","1436","requireRole('ADMIN'),"
"server/src/routes/admin.ts","1454","requireRole('ADMIN'),"
"server/src/routes/admin.ts","1477","requireRole('ADMIN'),"
"server/src/routes/admin.ts","1991","requireRole('ADMIN'),"
"server/src/routes/admin.ts","2009","requireRole('ADMIN'),"
"server/src/routes/admin.ts","2072","requireRole('ADMIN'),"
"server/src/routes/admin.ts","2092","requireRole('ADMIN'),"
"server/src/routes/admin.ts","2125","requireRole('ADMIN'),"
"server/src/routes/admin.ts","2145","requireRole('ADMIN'),"
"server/src/routes/admin.ts","2161","requireRole('ADMIN'),"
"server/src/routes/admin.ts","2177","requireRole('ADMIN'),"
"server/src/routes/admin.ts","2193","requireRole('ADMIN'),"
"server/src/routes/admin.ts","2209","requireRole('ADMIN'),"
"server/src/routes/admin.ts","2226","requireRole('ADMIN'),"
"server/src/routes/admin.ts","2240","router.get('/order-lookup', authenticateToken, requirePermission('admin.order_lookup'), async (req: Request, res: Response) => {"
"server/src/routes/admin.ts","2464","requireRole('ADMIN'),"
"server/src/routes/admin.ts","2482","requireRole('ADMIN'),"
"server/src/routes/admin.ts","2703","requireRole('ADMIN'),"
"server/src/routes/admin.ts","2740","requireRole('ADMIN'),"
"server/src/routes/admin.ts","2801","requireRole('ADMIN'),"
"server/src/routes/admin.ts","2831","requireRole('ADMIN'),"
"server/src/routes/admin.ts","2862","requireRole('ADMIN', 'OWNER'),"
"server/src/routes/admin.ts","2956","requireRole('ADMIN', 'OWNER'),"
"server/src/routes/admin.ts","3036","requireRole('ADMIN', 'OWNER'),"
"server/src/routes/admin.ts","3063","requireRole('ADMIN', 'OWNER'),"
"server/src/routes/admin.ts","3126","requireRole('ADMIN', 'OWNER'),"
"server/src/routes/approvals.ts","61","return role === 'ADMIN' || role === 'OWNER';"
"server/src/routes/approvals.ts","367","const isAdmin = role === 'ADMIN' || role === 'OWNER';"
"server/src/routes/arInvoices.ts","23","import { requirePermission } from '../../middleware/requirePermission';"
"server/src/routes/arInvoices.ts","130","router.use(requirePermission('finance.view'));"
"server/src/routes/arInvoices.ts","627","router.get('/from-packing-slip/:packingSlipId/preview', requirePermission('finance.post_invoice'), async (req: Request, res: Response) => {"
"server/src/routes/arInvoices.ts","650","router.post('/from-packing-slip/:packingSlipId', requirePermission('finance.post_invoice'), async (req: Request, res: Response) => {"
"server/src/routes/arInvoices.ts","826","router.post('/', requirePermission('finance.post_invoice'), async (req: Request, res: Response) => {"
"server/src/routes/arInvoices.ts","943","router.put('/:id', requirePermission('finance.post_invoice'), async (req: Request, res: Response) => {"
"server/src/routes/arInvoices.ts","1228","router.post('/:id/post', requirePermission('finance.post_invoice'), async (req: Request, res: Response) => {"
"server/src/routes/arInvoices.ts","1891","router.post('/:id/send', requirePermission('finance.post_invoice'), async (req: Request, res: Response) => {"
"server/src/routes/arInvoices.ts","2040","router.post('/:id/void', requirePermission('finance.void_invoice'), async (req: Request, res: Response) => {"
"server/src/routes/arInvoices.ts","2221","router.delete('/:id', requirePermission('finance.void_invoice'), async (req: Request, res: Response) => {"
"server/src/routes/arPaymentAttachments.ts","5","import { requirePermission } from '../../middleware/requirePermission';"
"server/src/routes/arPaymentAttachments.ts","15","router.use(requirePermission('finance.view'));"
"server/src/routes/arPaymentAttachments.ts","63","router.post('/request-upload-url', requirePermission('finance.manage_payments'), async (req, res) => {"
"server/src/routes/arPaymentAttachments.ts","91","router.post('/complete-upload', requirePermission('finance.manage_payments'), async (req, res) => {"
"server/src/routes/arPayments.ts","13","import { requirePermission } from '../../middleware/requirePermission';"
"server/src/routes/arPayments.ts","44","router.use(requirePermission('finance.view'));"
"server/src/routes/arPayments.ts","138","router.post('/', requirePermission('finance.manage_payments'), async (req: Request, res: Response) => {"
"server/src/routes/arPayments.ts","190","router.post('/:id/allocate', requirePermission('finance.manage_payments'), async (req: Request, res: Response) => {"
"server/src/routes/arPayments.ts","319","router.put('/:id', requirePermission('finance.manage_payments'), async (req: Request, res: Response) => {"
"server/src/routes/arPayments.ts","380","router.delete('/:id', requirePermission('finance.manage_payments'), async (req: Request, res: Response) => {"
"server/src/routes/assetManagement.ts","16","import { requirePermission } from '../../middleware/requirePermission';"
"server/src/routes/assetManagement.ts","43","router.post('/categories', requirePermission('assets.manage'), async (req: Request, res: Response) => {"
"server/src/routes/assetManagement.ts","57","router.put('/categories/:id', requirePermission('assets.manage'), async (req: Request, res: Response) => {"
"server/src/routes/assetManagement.ts","70","router.delete('/categories/:id', requirePermission('assets.manage'), async (req: Request, res: Response) => {"
"server/src/routes/assetManagement.ts","101","router.post('/locations', requirePermission('assets.manage'), async (req: Request, res: Response) => {"
"server/src/routes/assetManagement.ts","115","router.put('/locations/:id', requirePermission('assets.manage'), async (req: Request, res: Response) => {"
"server/src/routes/assetManagement.ts","128","router.delete('/locations/:id', requirePermission('assets.manage'), async (req: Request, res: Response) => {"
"server/src/routes/assetManagement.ts","143","router.delete('/:id', requirePermission('assets.manage'), async (req: Request, res: Response) => {"
"server/src/routes/assetManagement.ts","360","router.post('/', requirePermission('assets.manage'), async (req: Request, res: Response) => {"
"server/src/routes/assetManagement.ts","391","router.put('/:id', requirePermission('assets.manage'), async (req: Request, res: Response) => {"
"server/src/routes/assetManagement.ts","423","router.post('/:id/move-location', requirePermission('assets.manage'), async (req: Request, res: Response) => {"
"server/src/routes/attention.ts","11","import { sessionAwareAuth, requireRole } from '../../middleware/auth';"
"server/src/routes/attention.ts","52","router.get('/dashboard', sessionAwareAuth, requireRole('ADMIN'), async (req, res) => {"
"server/src/routes/attention.ts","63","router.get('/metrics/:entityType', sessionAwareAuth, requireRole('ADMIN'), async (req, res) => {"
"server/src/routes/auditReadiness.ts","7","import { requirePermission } from '../../middleware/requirePermission';"
"server/src/routes/auditReadiness.ts","108","router.get('/', requirePermission('qms.audit_readiness.view'), async (_req, res) => {"
"server/src/routes/auditReadiness.ts","116","router.post('/', requirePermission('qms.audit_readiness.create'), async (req, res) => {"
"server/src/routes/auditReadiness.ts","167","router.get('/templates', requirePermission('qms.audit_readiness.admin'), async (_req, res) => {"
"server/src/routes/auditReadiness.ts","176","router.get('/:id', requirePermission('qms.audit_readiness.view'), async (req, res) => {"
"server/src/routes/auditReadiness.ts","192","router.get('/:id/epoch-software-validation', requirePermission('qms.audit_readiness.view'), async (req, res) => {"
"server/src/routes/auditReadiness.ts","198","router.get('/:id/readiness', requirePermission('qms.audit_readiness.view'), async (req, res) => {"
"server/src/routes/auditReadiness.ts","212","router.patch('/:assessmentId/items/:itemId', requirePermission('qms.audit_readiness.edit'), async (req, res) => {"
"server/src/routes/auditReadiness.ts","249","router.post('/:assessmentId/items/:itemId/evidence', requirePermission('qms.audit_readiness.edit'), async (req, res) => {"
"server/src/routes/auditReadiness.ts","265","router.delete('/:assessmentId/evidence/:evidenceId', requirePermission('qms.audit_readiness.edit'), async(req,res)=>{"
"server/src/routes/auditReadiness.ts","276","router.post('/:assessmentId/items/:itemId/submit', requirePermission('qms.audit_readiness.edit'), async(req,res)=>{"
"server/src/routes/auditReadiness.ts","290","router.post('/:assessmentId/items/:itemId/verify', requirePermission('qms.audit_readiness.review'), async(req,res)=>{"
"server/src/routes/auditReadiness.ts","314","router.post('/:assessmentId/items/:itemId/na-request', requirePermission('qms.audit_readiness.edit'), async(req,res)=>{"
"server/src/routes/auditReadiness.ts","329","router.post('/:assessmentId/items/:itemId/na-decision', requirePermission('qms.audit_readiness.approve'), async(req,res)=>{"
"server/src/routes/auditReadiness.ts","347","router.post('/:id/status', requirePermission('qms.audit_readiness.edit'), async(req,res)=>{"
"server/src/routes/auditReadiness.ts","368","router.post('/:id/approvals', requirePermission('qms.audit_readiness.approve'), async(req,res)=>{"
"server/src/routes/auditReadiness.ts","385","router.post('/:id/lock', requirePermission('qms.audit_readiness.admin'), async(req,res)=>{"
"server/src/routes/auditReadiness.ts","409","router.post('/:id/reopen', requirePermission('qms.audit_readiness.admin'), async(req,res)=>{"
"server/src/routes/auditReadiness.ts","423","router.get('/:id/history', requirePermission('qms.audit_readiness.view'), async(req,res)=>{"
"server/src/routes/auditReadiness.ts","427","router.get('/:id/export', requirePermission('qms.audit_readiness.export'), async(req:Request,res:Response)=>{"
"server/src/routes/auditReadiness.ts","463","router.post('/templates/:templateId/release', requirePermission('qms.audit_readiness.admin'), async(req,res)=>{"
"server/src/routes/auth.ts","1584","if (!requestingUser || !['ADMIN', 'OWNER'].includes(requestingUser.role)) {"
"server/src/routes/auth.ts","1655","if (!requestingUser || !['ADMIN', 'OWNER'].includes(requestingUser.role)) {"
"server/src/routes/certificationAuthorizations.ts","4","import { requirePermission } from '../../middleware/requirePermission';"
"server/src/routes/certificationAuthorizations.ts","66","requirePermission('training.authorization.view'),"
"server/src/routes/certificationAuthorizations.ts","109","requirePermission('training.authorization.view'),"
"server/src/routes/certificationAuthorizations.ts","126","requirePermission('training.authorization.grant'),"
"server/src/routes/certificationAuthorizations.ts","167","requirePermission('training.authorization.approve'),"
"server/src/routes/certificationAuthorizations.ts","205","requirePermission('training.authorization.change_status'),"
"server/src/routes/changeControl.ts","10","import { requirePermission } from '../../middleware/requirePermission';"
"server/src/routes/changeControl.ts","123","requirePermission('qms.change_control.view'),"
"server/src/routes/changeControl.ts","128","requirePermission('qms.change_control.view'),"
"server/src/routes/changeControl.ts","133","requirePermission('qms.change_control.view'),"
"server/src/routes/changeControl.ts","140","requirePermission('qms.quality_action.pcr_create'),"
"server/src/routes/changeControl.ts","145","requirePermission('qms.change_control.create'),"
"server/src/routes/changeControl.ts","152","requirePermission('qms.quality_action.screen'),"
"server/src/routes/changeControl.ts","157","requirePermission('qms.change_control.view'),"
"server/src/routes/changeControl.ts","162","requirePermission('qms.quality_action.screen'),"
"server/src/routes/changeControl.ts","175","requirePermission('qms.quality_action.pcr_create'),"
"server/src/routes/changeControl.ts","180","requirePermission('qms.quality_action.assign_investigation'),"
"server/src/routes/changeControl.ts","187","requirePermission('qms.change_control.view'),"
"server/src/routes/changeControl.ts","199","requirePermission('qms.change_control.view'),"
"server/src/routes/changeControl.ts","204","requirePermission('qms.quality_action.authorize_implementation'),"
"server/src/routes/changeControl.ts","211","requirePermission('qms.quality_action.assess_impact'),"
"server/src/routes/changeControl.ts","218","requirePermission('qms.quality_action.authorize_implementation'),"
"server/src/routes/changeControl.ts","225","requirePermission('qms.quality_action.verify_implementation'),"
"server/src/routes/changeControl.ts","232","requirePermission('qms.quality_action.close'),"
"server/src/routes/changeControl.ts","237","requirePermission('qms.quality_action.verify_effectiveness'),"
"server/src/routes/changeControl.ts","244","requirePermission('qms.change_control.view'),"
"server/src/routes/changeControl.ts","249","requirePermission('qms.change_control.create'),"
"server/src/routes/changeControl.ts","254","requirePermission('qms.change_control.import'),"
"server/src/routes/changeControl.ts","266","requirePermission('qms.change_control.import'),"
"server/src/routes/changeControl.ts","284","requirePermission('qms.change_control.import'),"
"server/src/routes/changeControl.ts","302","requirePermission('qms.change_control.import'),"
"server/src/routes/chargeCodes.ts","2","import { authenticateToken, requireRole } from '../../middleware/auth';"
"server/src/routes/chargeCodes.ts","331","router.patch('/requests/:requestId/assign', authenticateToken, requireRole('ADMIN'), h(async (req, res) => {"
"server/src/routes/chargeCodes.ts","459","router.put('/:id/assignments', authenticateToken, requireRole('ADMIN'), h(async (req, res) => {"
"server/src/routes/chargeCodes.ts","579","router.post('/', authenticateToken, requireRole('ADMIN'), h(async (req, res) => {"
"server/src/routes/chargeCodes.ts","648","router.patch('/:id', authenticateToken, requireRole('ADMIN'), h(async (req, res) => {"
"server/src/routes/checklistInstances.ts","3","import { authenticateToken, requireRole } from '../../middleware/auth';"
"server/src/routes/checklistInstances.ts","9","const adminOnly = [authenticateToken, requireRole('ADMIN', 'OWNER')];"
"server/src/routes/checklistInstances.ts","14","return role === 'ADMIN' || role === 'OWNER';"
"server/src/routes/checklistManagement.ts","3","import { authenticateToken, requireRole } from '../../middleware/auth';"
"server/src/routes/checklistManagement.ts","8","const adminOnly = [authenticateToken, requireRole('ADMIN', 'OWNER')];"
"server/src/routes/cncDashboard.ts","5","import { requirePermission } from '../../middleware/requirePermission';"
"server/src/routes/cncDashboard.ts","1367","router.post('/programs/:id/approve', requirePermission('travelers.sign_qc'), async (req, res) => {"
"server/src/routes/contractReview.ts","16","import { requirePermission } from '../../middleware/requirePermission';"
"server/src/routes/contractReview.ts","147","router.get('/templates', requirePermission('purchasing.view_requisitions'), async (_req: Request, res: Response) => {"
"server/src/routes/contractReview.ts","156","router.post('/templates', requirePermission('purchasing.admin_chain'), async (req: Request, res: Response) => {"
"server/src/routes/contractReview.ts","210","router.get('/templates/:id/clauses', requirePermission('purchasing.view_requisitions'), async (req: Request, res: Response) => {"
"server/src/routes/contractReview.ts","216","router.get('/clauses', requirePermission('purchasing.view_requisitions'), async (_req: Request, res: Response) => {"
"server/src/routes/contractReview.ts","225","router.post('/clauses', requirePermission('purchasing.admin_chain'), async (req: Request, res: Response) => {"
"server/src/routes/contractReview.ts","252","router.post('/templates/:id/clause-templates', requirePermission('purchasing.admin_chain'), async (req: Request, res: Response) => {"
"server/src/routes/contractReview.ts","286","router.get('/instances/:id', requirePermission('purchasing.view_requisitions'), async (req: Request, res: Response) => {"
"server/src/routes/contractReview.ts","303","router.post('/instances', requirePermission('purchasing.manage_pos'), async (req: Request, res: Response) => {"
"server/src/routes/contractReview.ts","426","router.get('/requirements', requirePermission('purchasing.view_requisitions'), async (req: Request, res: Response) => {"
"server/src/routes/contractReview.ts","447","router.patch('/requirements/:id/status', requirePermission('purchasing.manage_pos'), async (req: Request, res: Response) => {"
"server/src/routes/controlledDocumentReconciliation.ts","8","import { requirePermission } from '../../middleware/requirePermission';"
"server/src/routes/controlledDocumentReconciliation.ts","246","requirePermission('documents.reconciliation_view'),"
"server/src/routes/controlledDocumentReconciliation.ts","258","requirePermission('documents.reconciliation_view'),"
"server/src/routes/controlledDocumentReconciliation.ts","274","requirePermission('documents.reconciliation_view'),"
"server/src/routes/controlledDocumentReconciliation.ts","285","requirePermission('documents.reconciliation_preview'),"
"server/src/routes/controlledDocumentReconciliation.ts","325","requirePermission('documents.reconciliation_execute'),"
"server/src/routes/controlledDocumentReconciliation.ts","580","requirePermission('documents.reconciliation_resolve'),"
"server/src/routes/controlledDocumentReconciliation.ts","622","requirePermission('documents.reconciliation_resolve'),"
"server/src/routes/controlledDocumentReconciliation.ts","685","requirePermission('documents.reconciliation_resolve'),"
"server/src/routes/controlledDocumentReconciliation.ts","771","requirePermission('documents.reconciliation_resolve'),"
"server/src/routes/controlledDocumentRecovery.ts","9","import { requirePermission } from '../../middleware/requirePermission';"
"server/src/routes/controlledDocumentRecovery.ts","274","requirePermission('documents.recovery_view'),"
"server/src/routes/controlledDocumentRecovery.ts","325","requirePermission('documents.recovery_view'),"
"server/src/routes/controlledDocumentRecovery.ts","330","requirePermission('documents.recovery_view'),"
"server/src/routes/controlledDocumentRecovery.ts","336","requirePermission('documents.recovery_preview'),"
"server/src/routes/controlledDocumentRecovery.ts","501","requirePermission('documents.recovery_import'),"
"server/src/routes/controlledDocumentRecovery.ts","787","if (a.role === 'ADMIN' || a.role === 'OWNER') return;"
"server/src/routes/controlledDocumentRecovery.ts","1276","requirePermission('documents.recovery_execute'),"
"server/src/routes/controlledDocumentRecovery.ts","1333","requirePermission('documents.recovery_disposition'),"
"server/src/routes/controlledDocuments.ts","6","import { requirePermission } from '../../../server/middleware/requirePermission';"
"server/src/routes/controlledDocuments.ts","378","actor.role === 'ADMIN' || actor.role === 'OWNER';"
"server/src/routes/controlledDocuments.ts","873","const privileged = actor.role === 'ADMIN' || actor.role === 'OWNER';"
"server/src/routes/controlledDocuments.ts","1048","requirePermission('documents.view'),"
"server/src/routes/controlledDocuments.ts","1166","requirePermission('documents.number_admin'),"
"server/src/routes/controlledDocuments.ts","1183","requirePermission('documents.number_admin'),"
"server/src/routes/controlledDocuments.ts","1691","requirePermission('documents.revise'),"
"server/src/routes/controlledDocuments.ts","1812","requirePermission('documents.submit'),"
"server/src/routes/controlledDocuments.ts","1819","requirePermission('documents.approve'),"
"server/src/routes/controlledDocuments.ts","1826","requirePermission('documents.release'),"
"server/src/routes/controlledDocuments.ts","1833","requirePermission('documents.supersede'),"
"server/src/routes/controlledDocuments.ts","1839","requirePermission('documents.obsolete'),"
"server/src/routes/controlledDocuments.ts","1845","requirePermission('documents.void'),"
"server/src/routes/controlledDocuments.ts","1852","requirePermission('documents.approve'),"
"server/src/routes/controlledDocuments.ts","1910","requirePermission('documents.approve'),"
"server/src/routes/controlledDocuments.ts","1940","requirePermission('documents.approve'),"
"server/src/routes/controlledDocuments.ts","1972","requirePermission('documents.create'),"
"server/src/routes/controlledDocuments.ts","2072","requirePermission('documents.edit_draft'),"
"server/src/routes/controlledDocuments.ts","2154","requirePermission('documents.approve'),"
"server/src/routes/controlledDocuments.ts","2235","const isAdminOrOwner = actor.role === 'ADMIN' || actor.role === 'OWNER';"
"server/src/routes/controlledDocuments.ts","2405","const isAdminOrOwner = actor.role === 'ADMIN' || actor.role === 'OWNER';"
"server/src/routes/controlledDocuments.ts","2595","requirePermission('documents.number_admin'),"
"server/src/routes/controlledPrintedCopies.ts","4","import { requirePermission } from '../../middleware/requirePermission';"
"server/src/routes/controlledPrintedCopies.ts","61","return requirePermission('documents.controlled_copy.admin')(req, res, next);"
"server/src/routes/controlledPrintedCopies.ts","81","requirePermission('documents.controlled_copy.view'),"
"server/src/routes/controlledPrintedCopies.ts","95","requirePermission('documents.controlled_copy.issue'),"
"server/src/routes/controlledPrintedCopies.ts","112","requirePermission('documents.controlled_copy.view'),"
"server/src/routes/controlledPrintedCopies.ts","143","requirePermission('documents.controlled_copy.view'),"
"server/src/routes/controlledPrintedCopies.ts","153","requirePermission('documents.controlled_copy.view'),"
"server/src/routes/controlledPrintedCopies.ts","172","requirePermission('documents.controlled_copy.view'),"
"server/src/routes/controlledPrintedCopies.ts","179","requirePermission('documents.controlled_copy.return'),"
"server/src/routes/controlledPrintedCopies.ts","190","requirePermission(capability),"
"server/src/routes/controlledPrintedCopies.ts","229","requirePermission('documents.controlled_copy.return'),"
"server/src/routes/controlledPrintedCopies.ts","254","requirePermission('documents.controlled_copy.reconcile'),"
"server/src/routes/controlledPrintedCopies.ts","273","requirePermission('documents.controlled_copy.issue'),"
"server/src/routes/controlledPrintedCopies.ts","294","requirePermission('documents.controlled_copy.admin'),"
"server/src/routes/controlledPrintedCopies.ts","309","requirePermission('documents.controlled_copy.view'),"
"server/src/routes/controlledPrintedCopies.ts","321","requirePermission('documents.controlled_copy.view'),"
"server/src/routes/cycleCounts.ts","16","import { requirePermission } from '../../middleware/requirePermission';"
"server/src/routes/cycleCounts.ts","61","router.get('/variance-policies', requirePermission('inventory.cycleCount.view'), async (_req, res) => {"
"server/src/routes/cycleCounts.ts","65","router.post('/variance-policies', requirePermission('inventory.cycleCount.create'), async (req, res) => {"
"server/src/routes/cycleCounts.ts","83","router.get('/', requirePermission('inventory.cycleCount.view'), async (req, res) => {"
"server/src/routes/cycleCounts.ts","90","router.get('/variance-history', requirePermission('inventory.cycleCount.view'), async (req, res) => {"
"server/src/routes/cycleCounts.ts","97","router.post('/', requirePermission('inventory.cycleCount.create'), async (req, res) => {"
"server/src/routes/cycleCounts.ts","117","router.get('/:id', requirePermission('inventory.cycleCount.view'), async (req, res) => {"
"server/src/routes/cycleCounts.ts","128","router.post('/:id/start', requirePermission('inventory.cycleCount.perform'), async (req, res) => {"
"server/src/routes/cycleCounts.ts","136","router.post('/:id/counts', requirePermission('inventory.cycleCount.perform'), async (req, res) => {"
"server/src/routes/cycleCounts.ts","152","router.post('/:id/submit', requirePermission('inventory.cycleCount.perform'), async (req, res) => {"
"server/src/routes/cycleCounts.ts","160","router.post('/:id/approve', requirePermission('inventory.cycleCount.approve'), async (req, res) => {"
"server/src/routes/cycleCounts.ts","168","router.post('/:id/post', requirePermission('inventory.cycleCount.postAdjustments'), async (req, res) => {"
"server/src/routes/cycleCounts.ts","176","router.post('/:id/cancel', requirePermission('inventory.cycleCount.create'), async (req, res) => {"
"server/src/routes/designControlFormTemplates.ts","10","import { requirePermission } from '../../middleware/requirePermission';"
"server/src/routes/designControlFormTemplates.ts","100","return requirePermission('documents.controlled_copy.admin')(req, res, next);"
"server/src/routes/designControlFormTemplates.ts","134","router.get('/catalog', requirePermission('documents.view'), (_req, res) => {"
"server/src/routes/designControlFormTemplates.ts","138","router.get('/', requirePermission('documents.view'), async (_req, res) => {"
"server/src/routes/designControlFormTemplates.ts","148","requirePermission('documents.view'),"
"server/src/routes/designControlFormTemplates.ts","160","requirePermission('documents.template.create'),"
"server/src/routes/designControlFormTemplates.ts","177","requirePermission('documents.template.revise'),"
"server/src/routes/designControlFormTemplates.ts","198","requirePermission('documents.submit'),"
"server/src/routes/designControlFormTemplates.ts","233","requirePermission('documents.template.release'),"
"server/src/routes/designControlFormTemplates.ts","269","requirePermission('documents.template.release'),"
"server/src/routes/designControlFormTemplates.ts","331","requirePermission('documents.template.obsolete'),"
"server/src/routes/designControlFormTemplates.ts","378","requirePermission('documents.view'),"
"server/src/routes/designControlFormTemplates.ts","403","requirePermission('documents.view'),"
"server/src/routes/designControlFormTemplates.ts","428","requirePermission('documents.view'),"
"server/src/routes/designHistoryFiles.ts","3","import { requirePermission } from '../../middleware/requirePermission';"
"server/src/routes/designHistoryFiles.ts","62","return requirePermission('design.dhf.admin')(req, res, next);"
"server/src/routes/designHistoryFiles.ts","78","requirePermission('design.dhf.preview'),"
"server/src/routes/designHistoryFiles.ts","89","requirePermission('design.dhf.generate'),"
"server/src/routes/designHistoryFiles.ts","114","requirePermission('design.dhf.view'),"
"server/src/routes/designHistoryFiles.ts","121","requirePermission('design.dhf.view'),"
"server/src/routes/designHistoryFiles.ts","128","requirePermission('design.dhf.view'),"
"server/src/routes/designHistoryFiles.ts","135","requirePermission('design.dhf.view'),"
"server/src/routes/designHistoryFiles.ts","142","requirePermission('design.dhf.view'),"
"server/src/routes/designHistoryFiles.ts","151","requirePermission('design.dhf.verify'),"
"server/src/routes/designHistoryFiles.ts","168","requirePermission('design.dhf.export'),"
"server/src/routes/designHistoryFiles.ts","186","requirePermission('design.dhf.export'),"
"server/src/routes/designHistoryFiles.ts","207","requirePermission('design.dhf.verify'),"
"server/src/routes/digitalSignatures.ts","17","import { authenticateToken, requireAdminOrOwner, requireRole } from '../../middleware/auth';"
"server/src/routes/digitalSignatures.ts","110","const requireAuditAccess = requireRole('ADMIN', 'OWNER', 'AUDITOR', 'COMPLIANCE');"
"server/src/routes/draftBomDrafts.ts","89","return role === 'ADMIN' || role === 'OWNER';"
"server/src/routes/employeeQualifications.ts","4","import { requirePermission } from '../../middleware/requirePermission';"
"server/src/routes/employeeQualifications.ts","38","router.post('/', requirePermission('employees.manage_qualifications'), async (req: Request, res: Response) => {"
"server/src/routes/employeeQualifications.ts","68","router.delete('/:id', requirePermission('employees.manage_qualifications'), async (req: Request, res: Response) => {"
"server/src/routes/employees.ts","6","import { authenticateToken, requireRole } from '../../middleware/auth';"
"server/src/routes/employees.ts","123","if (role === 'ADMIN' || role === 'OWNER') return true;"
"server/src/routes/employees.ts","461","router.put('/:id/charge-codes', authenticateToken, requireRole('ADMIN'), async (req: Request, res: Response) => {"
"server/src/routes/employees.ts","2170","// router.post('/:id/certifications', authenticateToken, requireRole('ADMIN'), async (req: Request, res: Response) => {"
"server/src/routes/engineeringChangeNotices.ts","13","import { requirePermission } from '../../middleware/requirePermission';"
"server/src/routes/engineeringChangeNotices.ts","133","requirePermission('engineering.ecn.view'),"
"server/src/routes/engineeringChangeNotices.ts","138","requirePermission('engineering.ecn.create'),"
"server/src/routes/engineeringChangeNotices.ts","143","requirePermission('engineering.ecn.view'),"
"server/src/routes/engineeringChangeNotices.ts","148","requirePermission('engineering.ecn.view'),"
"server/src/routes/engineeringChangeNotices.ts","153","requirePermission('engineering.ecn.edit'),"
"server/src/routes/engineeringChangeNotices.ts","158","requirePermission('engineering.ecn.edit'),"
"server/src/routes/engineeringChangeNotices.ts","165","requirePermission('engineering.ecn.edit'),"
"server/src/routes/engineeringChangeNotices.ts","184","requirePermission('engineering.ecn.edit'),"
"server/src/routes/engineeringChangeNotices.ts","189","requirePermission('engineering.ecn.implement'),"
"server/src/routes/engineeringChangeNotices.ts","200","requirePermission('engineering.ecn.edit'),"
"server/src/routes/engineeringChangeNotices.ts","207","requirePermission('engineering.ecn.implement'),"
"server/src/routes/engineeringChangeNotices.ts","219","requirePermission('engineering.ecn.verify'),"
"server/src/routes/engineeringChangeNotices.ts","231","requirePermission('engineering.ecn.validate'),"
"server/src/routes/engineeringChangeNotices.ts","238","requirePermission('engineering.ecn.approve'),"
"server/src/routes/engineeringChangeNotices.ts","249","requirePermission('engineering.ecn.edit'),"
"server/src/routes/engineeringChangeNotices.ts","254","requirePermission('engineering.ecn.submit'),"
"server/src/routes/engineeringChangeNotices.ts","259","requirePermission('engineering.ecn.approve'),"
"server/src/routes/engineeringChangeNotices.ts","264","requirePermission('engineering.ecn.implement'),"
"server/src/routes/engineeringChangeNotices.ts","271","requirePermission('engineering.ecn.implement'),"
"server/src/routes/engineeringChangeNotices.ts","278","requirePermission('engineering.ecn.implement'),"
"server/src/routes/engineeringChangeNotices.ts","283","requirePermission('engineering.ecn.implement'),"
"server/src/routes/engineeringChangeNotices.ts","288","requirePermission('engineering.ecn.admin'),"
"server/src/routes/engineeringChangeNotices.ts","299","requirePermission('engineering.ecn.approve'),"
"server/src/routes/engineeringChangeNotices.ts","304","requirePermission('engineering.ecn.approve'),"
"server/src/routes/engineeringChangeNotices.ts","309","requirePermission('engineering.ecn.admin'),"
"server/src/routes/engineeringChangeNotices.ts","314","requirePermission('engineering.ecn.view'),"
"server/src/routes/engineeringChangeNotices.ts","319","requirePermission('engineering.ecn.view'),"
"server/src/routes/engineeringChangeNotices.ts","337","requirePermission('engineering.ecn.edit'),"
"server/src/routes/engineeringChangeNotices.ts","387","requirePermission('engineering.ecn.admin'),"
"server/src/routes/engineeringChangeRequests.ts","13","import { requirePermission } from '../../middleware/requirePermission';"
"server/src/routes/engineeringChangeRequests.ts","124","requirePermission('engineering.ecr.view'),"
"server/src/routes/engineeringChangeRequests.ts","129","requirePermission('engineering.ecr.create'),"
"server/src/routes/engineeringChangeRequests.ts","134","requirePermission('engineering.ecr.view'),"
"server/src/routes/engineeringChangeRequests.ts","139","requirePermission('engineering.ecr.edit'),"
"server/src/routes/engineeringChangeRequests.ts","144","requirePermission('engineering.ecr.edit'),"
"server/src/routes/engineeringChangeRequests.ts","149","requirePermission('engineering.ecr.edit'),"
"server/src/routes/engineeringChangeRequests.ts","168","requirePermission('engineering.ecr.submit'),"
"server/src/routes/engineeringChangeRequests.ts","173","requirePermission('engineering.ecr.review'),"
"server/src/routes/engineeringChangeRequests.ts","178","requirePermission('engineering.ecr.review'),"
"server/src/routes/engineeringChangeRequests.ts","183","requirePermission('engineering.ecr.disposition'),"
"server/src/routes/engineeringChangeRequests.ts","188","requirePermission('engineering.ecr.disposition'),"
"server/src/routes/engineeringChangeRequests.ts","193","requirePermission('engineering.ecr.disposition'),"
"server/src/routes/engineeringChangeRequests.ts","198","requirePermission('engineering.ecr.admin'),"
"server/src/routes/engineeringChangeRequests.ts","203","requirePermission('engineering.ecr.view'),"
"server/src/routes/engineeringChangeRequests.ts","208","requirePermission('engineering.ecr.view'),"
"server/src/routes/engineeringChangeRequests.ts","226","requirePermission('engineering.ecr.edit'),"
"server/src/routes/engineeringChangeRequests.ts","276","requirePermission('engineering.ecr.admin'),"
"server/src/routes/engineeringControl.ts","6","import { requirePermission } from '../../middleware/requirePermission';"
"server/src/routes/engineeringControl.ts","266","router.post('/revisions/:id/transition', authenticateToken, requirePermission('engineering.release_revision'), async (req: Request, res: Response) => {"
"server/src/routes/engineeringControl.ts","413","router.post('/ecos/:id/impact-review', authenticateToken, requirePermission('engineering.release_revision'), async (req: Request, res: Response) => {"
"server/src/routes/engineeringControl.ts","450","router.post('/ecos/:id/submit-approval', authenticateToken, requirePermission('engineering.release_revision'), async (req: Request, res: Response) => {"
"server/src/routes/engineeringControl.ts","483","router.post('/ecos/:id/approve', authenticateToken, requirePermission('engineering.release_revision'), async (req: Request, res: Response) => {"
"server/src/routes/engineeringControl.ts","519","router.post('/ecos/:id/reject', authenticateToken, requirePermission('engineering.release_revision'), async (req: Request, res: Response) => {"
"server/src/routes/engineeringControl.ts","556","router.post('/ecos/:id/implement', authenticateToken, requirePermission('engineering.release_revision'), async (req: Request, res: Response) => {"
"server/src/routes/engineeringControl.ts","604","router.post('/ecos/:id/release', authenticateToken, requirePermission('engineering.release_revision'), async (req: Request, res: Response) => {"
"server/src/routes/engineeringControl.ts","651","router.post('/ecos/:id/link-revision', authenticateToken, requirePermission('engineering.release_revision'), async (req: Request, res: Response) => {"
"server/src/routes/engineeringReleases.ts","2","import { requirePermission } from '../../middleware/requirePermission';"
"server/src/routes/engineeringReleases.ts","16","router.get('/:releaseId/package-preview', requirePermission('engineering.package.view'), async (req: Request, res: Response) => {"
"server/src/routes/engineeringReleases.ts","31","router.post('/:releaseId/generate-package', requirePermission('engineering.package.generate'), async (req: Request, res: Response) => {"
"server/src/routes/epochSoftwareValidation.ts","8","import { requirePermission } from '../../middleware/requirePermission';"
"server/src/routes/epochSoftwareValidation.ts","170","requirePermission('EPOCH_VALIDATION_VIEW'),"
"server/src/routes/epochSoftwareValidation.ts","185","requirePermission('EPOCH_VALIDATION_CREATE'),"
"server/src/routes/epochSoftwareValidation.ts","303","requirePermission('EPOCH_VALIDATION_ADMIN'),"
"server/src/routes/epochSoftwareValidation.ts","518","requirePermission('EPOCH_VALIDATION_EDIT'),"
"server/src/routes/epochSoftwareValidation.ts","617","requirePermission('EPOCH_VALIDATION_EDIT'),"
"server/src/routes/epochSoftwareValidation.ts","646","requirePermission('EPOCH_VALIDATION_EDIT'),"
"server/src/routes/epochSoftwareValidation.ts","676","requirePermission('EPOCH_VALIDATION_FINAL_APPROVE'),"
"server/src/routes/epochSoftwareValidation.ts","861","requirePermission('EPOCH_VALIDATION_VIEW'),"
"server/src/routes/epochSoftwareValidation.ts","871","requirePermission('EPOCH_VALIDATION_VIEW'),"
"server/src/routes/epochSoftwareValidation.ts","882","requirePermission('EPOCH_VALIDATION_EDIT'),"
"server/src/routes/epochSoftwareValidation.ts","978","requirePermission('EPOCH_VALIDATION_EDIT'),"
"server/src/routes/epochSoftwareValidation.ts","1054","requirePermission('EPOCH_VALIDATION_EDIT'),"
"server/src/routes/epochSoftwareValidation.ts","1345","requirePermission('EPOCH_VALIDATION_EDIT'),"
"server/src/routes/epochSoftwareValidation.ts","1455","requirePermission('EPOCH_VALIDATION_EDIT'),"
"server/src/routes/epochSoftwareValidation.ts","1505","requirePermission('EPOCH_VALIDATION_PLAN_APPROVE'),"
"server/src/routes/epochSoftwareValidation.ts","1555","requirePermission('EPOCH_VALIDATION_EDIT'),"
"server/src/routes/epochSoftwareValidation.ts","1612","requirePermission('EPOCH_VALIDATION_PLAN_APPROVE'),"
"server/src/routes/epochSoftwareValidation.ts","1655","requirePermission('EPOCH_VALIDATION_FINAL_APPROVE'),"
"server/src/routes/epochSoftwareValidation.ts","1719","requirePermission('EPOCH_VALIDATION_EDIT'),"
"server/src/routes/epochSoftwareValidation.ts","1762","requirePermission('EPOCH_VALIDATION_PLAN_APPROVE'),"
"server/src/routes/epochSoftwareValidation.ts","1840","requirePermission('EPOCH_VALIDATION_EDIT'),"
"server/src/routes/epochSoftwareValidation.ts","1917","requirePermission('EPOCH_VALIDATION_PLAN_APPROVE'),"
"server/src/routes/epochSoftwareValidation.ts","1946","requirePermission('EPOCH_VALIDATION_TEST_EXECUTE'),"
"server/src/routes/epochSoftwareValidation.ts","2041","requirePermission('EPOCH_VALIDATION_TEST_EXECUTE'),"
"server/src/routes/epochSoftwareValidation.ts","2154","requirePermission('EPOCH_VALIDATION_TEST_REVIEW'),"
"server/src/routes/epochSoftwareValidation.ts","2187","requirePermission('EPOCH_VALIDATION_DEFECT_MANAGE'),"
"server/src/routes/epochSoftwareValidation.ts","2272","requirePermission('EPOCH_VALIDATION_FINAL_APPROVE'),"
"server/src/routes/epochSoftwareValidation.ts","2306","requirePermission('EPOCH_VALIDATION_EDIT'),"
"server/src/routes/epochSoftwareValidation.ts","2401","requirePermission('EPOCH_VALIDATION_PLAN_APPROVE'),"
"server/src/routes/epochSoftwareValidation.ts","2449","requirePermission('EPOCH_VALIDATION_FINAL_APPROVE'),"
"server/src/routes/epochSoftwareValidation.ts","2582","requirePermission('EPOCH_VALIDATION_REOPEN'),"
"server/src/routes/epochSoftwareValidation.ts","2620","requirePermission('EPOCH_VALIDATION_EXPORT'),"
"server/src/routes/farFlowdownClauses.ts","15","import { requirePermission } from '../../middleware/requirePermission';"
"server/src/routes/farFlowdownClauses.ts","21","router.get('/', requirePermission('purchasing.view_requisitions'), async (_req: Request, res: Response) => {"
"server/src/routes/farFlowdownClauses.ts","28","router.post('/', requirePermission('purchasing.admin_chain'), async (req: Request, res: Response) => {"
"server/src/routes/farFlowdownClauses.ts","39","router.put('/:id', requirePermission('purchasing.admin_chain'), async (req, res) => {"
"server/src/routes/farFlowdownClauses.ts","53","router.delete('/:id', requirePermission('purchasing.admin_chain'), async (req, res) => {"
"server/src/routes/farFlowdownClauses.ts","61","router.get('/project/:projectId', requirePermission('purchasing.view_requisitions'), async (req, res) => {"
"server/src/routes/farFlowdownClauses.ts","88","router.get('/po/:poId', requirePermission('purchasing.view_requisitions'), async (req, res) => {"
"server/src/routes/farFlowdownClauses.ts","96","router.put('/po/:poId', requirePermission('purchasing.manage_pos'), async (req, res) => {"
"server/src/routes/improvementNotes.ts","7","import { requirePermission } from '../../middleware/requirePermission';"
"server/src/routes/improvementNotes.ts","42","requirePermission('improvement_notes.view'),"
"server/src/routes/improvementNotes.ts","100","requirePermission('improvement_notes.manage'),"
"server/src/routes/improvementNotes.ts","138","requirePermission('improvement_notes.manage'),"
"server/src/routes/inventory.ts","53","import { requireRole } from '../../middleware/auth';"
"server/src/routes/inventory.ts","54","import { requirePermission } from '../../middleware/requirePermission';"
"server/src/routes/inventory.ts","301","router.post('/items/from-draft-builder', requirePermission('inventory.adjust'), async (req: Request, res: Response) => {"
"server/src/routes/inventory.ts","459","router.put('/items/:id/primary-image', requirePermission('inventory.adjust'), async (req: Request, res: Response) => {"
"server/src/routes/inventory.ts","524","router.put('/inventory/items/:id', requirePermission('inventory.adjust'), handleInventoryPdfUpload, async (req: Request, res: Response) => {"
"server/src/routes/inventory.ts","621","router.delete('/inventory/items/:id', requirePermission('inventory.adjust'), async (req: Request, res: Response) => {"
"server/src/routes/inventory.ts","644","router.post('/', requirePermission('inventory.adjust'), handleInventoryPdfUpload, async (req: Request, res: Response) => {"
"server/src/routes/inventory.ts","701","router.put('/:id', requirePermission('inventory.adjust'), handleInventoryPdfUpload, async (req: Request, res: Response) => {"
"server/src/routes/inventory.ts","752","router.delete('/:id', requirePermission('inventory.adjust'), async (req: Request, res: Response) => {"
"server/src/routes/inventory.ts","830","router.post('/items', requirePermission('inventory.adjust'), handleInventoryPdfUpload, async (req: Request, res: Response) => {"
"server/src/routes/inventory.ts","892","router.put('/items/:id', requirePermission('inventory.adjust'), handleInventoryPdfUpload, async (req: Request, res: Response) => {"
"server/src/routes/inventory.ts","988","router.delete('/items/:id', requirePermission('inventory.adjust'), async (req: Request, res: Response) => {"
"server/src/routes/inventory.ts","1329","if (user.role === 'ADMIN' || user.role === 'OWNER') return true;"
"server/src/routes/inventory.ts","1337","if (user.role === 'ADMIN' || user.role === 'OWNER') return true;"
"server/src/routes/inventory.ts","1345","if (user.role === 'ADMIN' || user.role === 'OWNER') return true;"
"server/src/routes/inventory.ts","2227","requirePermission('purchasing.manage_pos'),"
"server/src/routes/inventory.ts","2442","requirePermission('purchasing.manage_pos'),"
"server/src/routes/inventory.ts","2666","requirePermission('purchasing.manage_pos'),"
"server/src/routes/inventory.ts","3005","router.post('/parts-requests/local-pickup', requirePermission('inventory.manage_requests'), async (req: Request, res: Response) => {"
"server/src/routes/inventory.ts","3382","router.post('/parts-requests/receive', requirePermission('inventory.manage_requests'), async (req: Request, res: Response) => {"
"server/src/routes/inventory.ts","3675","router.post('/parts-requests/:id/reject', requirePermission('inventory.manage_requests'), async (req: Request, res: Response) => {"
"server/src/routes/inventory.ts","3773","router.post('/departments', requireRole('ADMIN', 'OWNER'), async (req: Request, res: Response) => {"
"server/src/routes/inventory.ts","3789","router.put('/departments/:id', requireRole('ADMIN', 'OWNER'), async (req: Request, res: Response) => {"
"server/src/routes/inventory.ts","3812","router.delete('/departments/:id', requireRole('ADMIN', 'OWNER'), async (req: Request, res: Response) => {"
"server/src/routes/inventory.ts","4549","router.post('/inventory/balances', requirePermission('inventory.adjust'), async (req: Request, res: Response) => {"
"server/src/routes/inventory.ts","4564","router.put('/inventory/balances/:id', requirePermission('inventory.adjust'), async (req: Request, res: Response) => {"
"server/src/routes/inventory.ts","4580","router.delete('/inventory/balances/:id', requirePermission('inventory.adjust'), async (req: Request, res: Response) => {"
"server/src/routes/inventory.ts","4987","router.post('/inventory/transactions', requirePermission('inventory.adjust'), async (req: Request, res: Response) => {"
"server/src/routes/labor.ts","71","const isAdmin = user.role === 'ADMIN' || user.role === 'HR' || user.role === 'OWNER';"
"server/src/routes/onboarding.ts","3570","const isAdminOrOwner = ['ADMIN', 'OWNER'].includes(currentUser.role);"
"server/src/routes/orders.ts","23","import { authenticateToken, requireRole } from '../../middleware/auth';"
"server/src/routes/orders.ts","24","import { requirePermission } from '../../middleware/requirePermission';"
"server/src/routes/orders.ts","968","router.post('/duplicate-review/preflight', requirePermission('orders.create'), async (req: Request, res: Response) => {"
"server/src/routes/orders.ts","982","router.post('/duplicate-review/record', requirePermission('orders.create'), async (req: Request, res: Response) => {"
"server/src/routes/orders.ts","1007","router.post('/duplicate-review/:reviewId/resolve', requirePermission('orders.create'), async (req: Request, res: Response) => {"
"server/src/routes/orders.ts","1747","router.post('/draft', requirePermission('orders.create'), async (req: Request, res: Response) => {"
"server/src/routes/orders.ts","1988","router.post('/draft/:id/finalize', requirePermission('orders.create'), async (req: Request, res: Response) => {"
"server/src/routes/orders.ts","2492","router.post('/:orderId/payments', requirePermission('finance.manage_payments'), async (req: Request, res: Response) => {"
"server/src/routes/orders.ts","2557","router.put('/payments/:paymentId', requirePermission('finance.manage_payments'), async (req: Request, res: Response) => {"
"server/src/routes/orders.ts","2623","router.post('/payments/:paymentId/approve-accounting', requirePermission('finance.accounting_admin'), async (req: Request, res: Response) => {"
"server/src/routes/orders.ts","2690","router.delete('/payments/:paymentId', requirePermission('finance.manage_payments'), async (req: Request, res: Response) => {"
"server/src/routes/orders.ts","2821","router.post('/bulk-payment', requirePermission('finance.manage_payments'), async (req: Request, res: Response) => {"
"server/src/routes/orders.ts","3552","router.post('/cancel/:orderId', requirePermission('orders.cancel'), async (req: Request, res: Response) => {"
"server/src/routes/orders.ts","3847","requireRole('ADMIN', 'OWNER'),"
"server/src/routes/orders.ts","3869","const allowedRoles = Array.isArray(fieldConfig.requiredRole)"
"server/src/routes/orders.ts","3873","if (!allowedRoles.includes(userRole as any)) {"
"server/src/routes/orders.ts","3876","requiredRole: allowedRoles,"
"server/src/routes/orders.ts","4142","// required capability before requirePermission() sends the 403 response."
"server/src/routes/orders.ts","4149","user.role === 'ADMIN' ||"
"server/src/routes/orders.ts","4150","user.role === 'OWNER' ||"
"server/src/routes/orders.ts","4175","requirePermission('orders.department_transfer'),"
"server/src/routes/orders.ts","4737","const allowedRoles = Array.isArray(fieldConfig.requiredRole)"
"server/src/routes/orders.ts","4741","if (!allowedRoles.includes(userRole)) {"
"server/src/routes/orders.ts","4744","requiredRoles: allowedRoles,"
"server/src/routes/orders.ts","4850","const allowedRoles = Array.isArray(fieldConfig.requiredRole)"
"server/src/routes/orders.ts","4854","if (!allowedRoles.includes(userRole)) {"
"server/src/routes/orders.ts","4857","requiredRoles: allowedRoles,"
"server/src/routes/p1CustomerPoImports.ts","6","import { requirePermission } from '../../middleware/requirePermission';"
"server/src/routes/p1CustomerPoImports.ts","58","requirePermission('purchasing.manage_pos'),"
"server/src/routes/p1CustomerPoImports.ts","72","requirePermission('purchasing.manage_pos'),"
"server/src/routes/p1CustomerPoImports.ts","111","requirePermission('purchasing.manage_pos'),"
"server/src/routes/p1CustomerPoImports.ts","128","requirePermission('purchasing.manage_pos'),"
"server/src/routes/p1Fulfillment.ts","3","import { requirePermission } from '../../middleware/requirePermission';"
"server/src/routes/p1Fulfillment.ts","66","router.get('/exceptions', requirePermission('shipping.view'), async (req: Request, res: Response) => {"
"server/src/routes/p1Fulfillment.ts","77","router.get('/control-gaps', requirePermission('shipping.view'), async (req: Request, res: Response) => {"
"server/src/routes/p1Fulfillment.ts","88","router.post('/attempts', requirePermission('shipping.mark_shipped'), async (req: Request, res: Response) => {"
"server/src/routes/p1Fulfillment.ts","105","router.post('/attempts/:attemptId/step', requirePermission('shipping.mark_shipped'), async (req: Request, res: Response) => {"
"server/src/routes/p1Fulfillment.ts","122","router.post('/attempts/:attemptId/fail', requirePermission('shipping.mark_shipped'), async (req: Request, res: Response) => {"
"server/src/routes/p1Fulfillment.ts","139","router.post('/attempts/:attemptId/complete', requirePermission('shipping.mark_shipped'), async (req: Request, res: Response) => {"
"server/src/routes/p1Fulfillment.ts","156","router.post('/attempts/:attemptId/cancel', requirePermission('shipping.mark_shipped'), async (req: Request, res: Response) => {"
"server/src/routes/p1POQuantityAdjustments.ts","5","import { requirePermission } from '../../middleware/requirePermission';"
"server/src/routes/p1POQuantityAdjustments.ts","73","requirePermission('purchasing.manage_pos'),"
"server/src/routes/p2Shipping.ts","13","import { authenticateToken, requireRole } from '../../middleware/auth';"
"server/src/routes/p2Shipping.ts","14","import { requirePermission } from '../../middleware/requirePermission';"
"server/src/routes/p2Shipping.ts","714","router.post('/material-transfer/pdf', authenticateToken, requirePermission('shipping.release_shipment'), async (req: Request, res: Response) => {"
"server/src/routes/p2Shipping.ts","966","router.get('/billing-allocations', authenticateToken, requirePermission('shipping.release_shipment'), async (req: Request, res: Response) => {"
"server/src/routes/p2Shipping.ts","1022","router.post('/billing-allocations', authenticateToken, requirePermission('shipping.release_shipment'), async (req: Request, res: Response) => {"
"server/src/routes/p2Shipping.ts","1294","router.post('/lots', authenticateToken, requirePermission('shipping.release_shipment'), async (req: Request, res: Response) => {"
"server/src/routes/p2Shipping.ts","1704","router.post('/packing-slips', authenticateToken, requirePermission('shipping.release_shipment'), async (req: Request, res: Response) => {"
"server/src/routes/p2Shipping.ts","2032","requireRole('ADMIN', 'OWNER'),"
"server/src/routes/p2Shipping.ts","2523","router.post('/packing-slips/:id/attach-pdf', authenticateToken, requirePermission('shipping.release_shipment'), upload.single('file'), async (req: Request, res: Response) => {"
"server/src/routes/p2Shipping.ts","2560","router.delete('/packing-slips/:id/attach-pdf', authenticateToken, requirePermission('shipping.release_shipment'), async (req: Request, res: Response) => {"
"server/src/routes/p2Shipping.ts","2593","router.post('/certificates', authenticateToken, requirePermission('shipping.release_shipment'), async (req: Request, res: Response) => {"
"server/src/routes/p2Shipping.ts","3248","router.patch('/shipments/:lotId', authenticateToken, requirePermission('shipping.mark_shipped'), async (req: Request, res: Response) => {"
"server/src/routes/p2Shipping.ts","3363","router.post('/shipments/:lotId/void', authenticateToken, requirePermission('shipping.release_shipment'), async (req: Request, res: Response) => {"
"server/src/routes/p2Shipping.ts","3590","router.post('/shipments/:lotId/upload-bol', authenticateToken, requirePermission('shipping.release_shipment'), upload.single('file'), async (req: Request, res: Response) => {"
"server/src/routes/p2Shipping.ts","3633","router.post('/shipments/:lotId/upload-lot-validation-report', authenticateToken, requirePermission('shipping.release_shipment'), upload.single('file'), async (req: Request, res: Response) => {"
"server/src/routes/p2Shipping.ts","3676","router.post('/shipments/:lotId/upload-packing-slip', authenticateToken, requirePermission('shipping.release_shipment'), upload.single('file'), async (req: Request, res: Response) => {"
"server/src/routes/p2Shipping.ts","3719","router.post('/shipments/:lotId/upload-certificate', authenticateToken, requirePermission('shipping.release_shipment'), upload.single('file'), async (req: Request, res: Response) => {"
"server/src/routes/p2Shipping.ts","3778","requireRole(...OVERRIDE_ALLOWED_ROLES),"
"server/src/routes/p2Shipping.ts","3928","requireRole(...OVERRIDE_ALLOWED_ROLES),"
"server/src/routes/p2Shipping.ts","3960","requireRole(...OVERRIDE_ALLOWED_ROLES),"
"server/src/routes/payments.ts","18","import { authenticateToken, requireRole } from '../../middleware/auth';"
"server/src/routes/payments.ts","19","import { requirePermission } from '../../middleware/requirePermission';"
"server/src/routes/payments.ts","517","router.post('/batch', requirePermission('finance.manage_payments'), async (req, res) => {"
"server/src/routes/payments.ts","696","router.post('/bulk-live', requirePermission('finance.manage_payments'), async (req, res) => {"
"server/src/routes/payments.ts","1041","requireRole('ADMIN', 'admin'),"
"server/src/routes/payrollControl.ts","9","import { authenticateToken, requireRole } from '../../middleware/auth';"
"server/src/routes/payrollControl.ts","258","router.use(requireRole('ADMIN', 'OWNER'));"
"server/src/routes/pmDashboard.ts","363","return username === 'glennj' && role === 'ADMIN';"
"server/src/routes/policies.ts","3","import { authenticateToken, requireRole } from '../../middleware/auth';"
"server/src/routes/policies.ts","29","const requireAdmin = [authenticateToken, requireRole('ADMIN', 'OWNER')];"
"server/src/routes/postReleaseEngineeringReleases.ts","3","import { requirePermission } from '../../middleware/requirePermission';"
"server/src/routes/postReleaseEngineeringReleases.ts","62","requirePermission('engineering.release.preview'),"
"server/src/routes/postReleaseEngineeringReleases.ts","83","requirePermission('engineering.release.view'),"
"server/src/routes/postReleaseEngineeringReleases.ts","91","requirePermission('engineering.release.view'),"
"server/src/routes/postReleaseEngineeringReleases.ts","99","requirePermission('engineering.release.view'),"
"server/src/routes/postReleaseEngineeringReleases.ts","109","requirePermission('engineering.release.create'),"
"server/src/routes/postReleaseEngineeringReleases.ts","122","requirePermission('engineering.release.preview'),"
"server/src/routes/postReleaseEngineeringReleases.ts","140","requirePermission('engineering.release.create'),"
"server/src/routes/postReleaseEngineeringReleases.ts","141","requirePermission('engineering.release.approve'),"
"server/src/routes/preproductionChecklists.ts","4","import { requirePermission } from '../../middleware/requirePermission';"
"server/src/routes/preproductionChecklists.ts","940","router.post('/:id/sign-off', requirePermission('travelers.sign_qc_preproduction'), async (req: Request, res: Response) => {"
"server/src/routes/projectClosings.ts","4","import { requirePermission } from '../../middleware/requirePermission';"
"server/src/routes/projectClosings.ts","5","import { requireScopedCapability, ScopedForbiddenError } from '../permissions';"
"server/src/routes/projectClosings.ts","40","router.post('/', requirePermission('projects.close'), async (req, res) => {"
"server/src/routes/projectClosings.ts","48","await requireScopedCapability((req as any).user, 'projects.close', { projectId });"
"server/src/routes/projectClosings.ts","90","router.patch('/:id', requirePermission('projects.close'), async (req, res) => {"
"server/src/routes/projectClosings.ts","98","await requireScopedCapability((req as any).user, 'projects.close', { projectId });"
"server/src/routes/projectClosings.ts","135","router.post('/approve', requirePermission('projects.approve_closing'), async (req, res) => {"
"server/src/routes/projectClosings.ts","139","await requireScopedCapability((req as any).user, 'projects.approve_closing', { projectId });"
"server/src/routes/projectClosings.ts","185","router.post('/risks', requirePermission('projects.close'), async (req, res) => {"
"server/src/routes/projectClosings.ts","224","router.post('/actions', requirePermission('projects.close'), async (req, res) => {"
"server/src/routes/projectClosings.ts","266","router.patch('/risks/:riskId', requirePermission('projects.close'), async (req, res) => {"
"server/src/routes/projectClosings.ts","274","await requireScopedCapability((req as any).user, 'projects.close', { projectId });"
"server/src/routes/projectClosings.ts","297","router.delete('/risks/:riskId', requirePermission('projects.close'), async (req, res) => {"
"server/src/routes/projectClosings.ts","305","await requireScopedCapability((req as any).user, 'projects.close', { projectId });"
"server/src/routes/projectClosings.ts","323","router.patch('/actions/:actionId', requirePermission('projects.close'), async (req, res) => {"
"server/src/routes/projectClosings.ts","331","await requireScopedCapability((req as any).user, 'projects.close', { projectId });"
"server/src/routes/projectClosings.ts","354","router.delete('/actions/:actionId', requirePermission('projects.close'), async (req, res) => {"
"server/src/routes/projectClosings.ts","362","await requireScopedCapability((req as any).user, 'projects.close', { projectId });"
"server/src/routes/projectForms.ts","13","import { requirePermission } from '../../middleware/requirePermission';"
"server/src/routes/projectForms.ts","126","requirePermission('design.forms.view'),"
"server/src/routes/projectForms.ts","137","requirePermission('design.forms.view'),"
"server/src/routes/projectForms.ts","148","requirePermission('design.forms.view'),"
"server/src/routes/projectForms.ts","159","requirePermission('design.forms.view'),"
"server/src/routes/projectForms.ts","171","requirePermission('design.forms.create'),"
"server/src/routes/projectForms.ts","193","requirePermission('design.forms.view'),"
"server/src/routes/projectForms.ts","204","requirePermission('design.forms.edit'),"
"server/src/routes/projectForms.ts","226","requirePermission('design.forms.submit'),"
"server/src/routes/projectForms.ts","244","requirePermission('design.forms.submit'),"
"server/src/routes/projectForms.ts","306","requirePermission('design.forms.edit'),"
"server/src/routes/projectForms.ts","312","requirePermission('design.forms.upload_paper'),"
"server/src/routes/projectForms.ts","318","requirePermission('design.forms.view'),"
"server/src/routes/projectForms.ts","335","requirePermission('design.forms.view'),"
"server/src/routes/projectForms.ts","359","requirePermission('design.forms.approve'),"
"server/src/routes/projectForms.ts","379","requirePermission('design.forms.supersede'),"
"server/src/routes/projectQualityRelease.ts","21","import { requireApplicableAuthorization } from '../services/certificationAuthorizationService';"
"server/src/routes/projectQualityRelease.ts","228","await requireApplicableAuthorization({"
"server/src/routes/purchaseRequisitions.ts","19","import { requirePermission } from '../../middleware/requirePermission';"
"server/src/routes/purchaseRequisitions.ts","77","router.get('/', requirePermission('purchasing.view_requisitions'), async (req: Request, res: Response) => {"
"server/src/routes/purchaseRequisitions.ts","97","router.get('/pending-approval', requirePermission('purchasing.view_requisitions'), async (req: Request, res: Response) => {"
"server/src/routes/purchaseRequisitions.ts","102","const isAdmin = user.role === 'ADMIN' || user.role === 'OWNER';"
"server/src/routes/purchaseRequisitions.ts","129","router.get('/admin/pending-by-stage', requirePermission('purchasing.admin_chain'), async (req: Request, res: Response) => {"
"server/src/routes/purchaseRequisitions.ts","175","router.get('/:id', requirePermission('purchasing.view_requisitions'), async (req: Request, res: Response) => {"
"server/src/routes/purchaseRequisitions.ts","202","router.post('/', requirePermission('purchasing.create_requisition'), async (req: Request, res: Response) => {"
"server/src/routes/purchaseRequisitions.ts","261","router.post('/:id/submit', requirePermission('purchasing.create_requisition'), async (req: Request, res: Response) => {"
"server/src/routes/purchaseRequisitions.ts","289","const submitterIsAdmin = submitter?.role === 'ADMIN' || submitter?.role === 'OWNER';"
"server/src/routes/purchaseRequisitions.ts","321","router.post('/:id/decide', requirePermission('purchasing.view_requisitions'), async (req: Request, res: Response) => {"
"server/src/routes/purchaseRequisitions.ts","339","const isAdmin = user?.role === 'ADMIN' || user?.role === 'OWNER';"
"server/src/routes/purchaseRequisitions.ts","421","router.post('/:id/cancel', requirePermission('purchasing.create_requisition'), async (req: Request, res: Response) => {"
"server/src/routes/purchaseRequisitions.ts","432","const isAdmin = user?.role === 'ADMIN' || user?.role === 'OWNER';"
"server/src/routes/purchaseRequisitions.ts","475","router.post('/:id/mark-converted', requirePermission('purchasing.approve_po'), async (req: Request, res: Response) => {"
"server/src/routes/purchaseRequisitions.ts","506","router.get('/admin/approval-chain', requirePermission('purchasing.admin_chain'), async (_req, res) => {"
"server/src/routes/purchaseRequisitions.ts","513","router.post('/admin/approval-chain', requirePermission('purchasing.admin_chain'), async (req, res) => {"
"server/src/routes/purchaseRequisitions.ts","533","router.delete('/admin/approval-chain/:id', requirePermission('purchasing.admin_chain'), async (req, res) => {"
"server/src/routes/purchaseRequisitions.ts","539","router.get('/admin/settings', requirePermission('purchasing.admin_chain'), async (_req, res) => {"
"server/src/routes/purchaseRequisitions.ts","548","router.put('/admin/settings', requirePermission('purchasing.admin_chain'), async (req, res) => {"
"server/src/routes/purchaseRequisitions.ts","572","router.get('/audit/report', requirePermission('purchasing.view_requisitions'), async (req, res) => {"
"server/src/routes/qmsDesignControl.ts","17","requireAnyPermission,"
"server/src/routes/qmsDesignControl.ts","18","requirePermission,"
"server/src/routes/qmsDesignControl.ts","19","} from '../../middleware/requirePermission';"
"server/src/routes/qmsDesignControl.ts","86","const requireDesignControlView = requireAnyPermission("
"server/src/routes/qmsDesignControl.ts","609","requirePermission('design.control.admin'),"
"server/src/routes/qmsDesignControl.ts","764","requirePermission('design.control.create'),"
"server/src/routes/qmsDesignControl.ts","922","requirePermission('design.control.edit'),"
"server/src/routes/qmsDesignControl.ts","960","requirePermission('design.control.submit'),"
"server/src/routes/qmsDesignControl.ts","1012","requirePermission('design.control.approve'),"
"server/src/routes/qmsDesignControl.ts","1093","requirePermission('design.control.edit'),"
"server/src/routes/qmsDesignControl.ts","1185","requirePermission('design.release'),"
"server/src/routes/qmsDesignControlStructured.ts","4","requireAnyPermission,"
"server/src/routes/qmsDesignControlStructured.ts","5","requirePermission,"
"server/src/routes/qmsDesignControlStructured.ts","6","} from '../../middleware/requirePermission';"
"server/src/routes/qmsDesignControlStructured.ts","39","const requireView = requireAnyPermission("
"server/src/routes/qmsDesignControlStructured.ts","94","requirePermission('design.control.edit'),"
"server/src/routes/qmsDesignControlStructured.ts","112","requirePermission('design.control.edit'),"
"server/src/routes/qmsDesignControlStructured.ts","133","requirePermission('design.control.submit'),"
"server/src/routes/qmsDesignControlStructured.ts","149","requirePermission('design.control.approve'),"
"server/src/routes/qmsDesignControlStructured.ts","175","requirePermission('design.control.edit'),"
"server/src/routes/qmsDesignControlStructured.ts","207","requirePermission('design.control.edit'),"
"server/src/routes/qmsDesignControlStructured.ts","231","requirePermission('design.control.edit'),"
"server/src/routes/qmsDesignControlStructured.ts","253","requirePermission('design.control.approve'),"
"server/src/routes/qmsDesignControlStructured.ts","283","requirePermission('design.control.admin'),"
"server/src/routes/qmsDesignControlStructured.ts","297","requirePermission('design.control.admin'),"
"server/src/routes/qmsDesignControlStructured.ts","321","requirePermission('design.control.admin'),"
"server/src/routes/qmsDesignControlStructured.ts","363","requirePermission('design.control.approve'),"
"server/src/routes/qmsDesignControlStructured.ts","388","requirePermission('design.control.approve'),"
"server/src/routes/qrCodes.ts","15","import { authenticateToken, requireRole, optionalAuth } from '../../middleware/auth';"
"server/src/routes/qrCodes.ts","227","adminRouter.get('/', authenticateToken, requireRole('ADMIN', 'OWNER'), async (req: Request, res: Response) => {"
"server/src/routes/qrCodes.ts","306","adminRouter.get('/meta/entity-types', authenticateToken, requireRole('ADMIN', 'OWNER'), async (req: Request, res: Response) => {"
"server/src/routes/qrCodes.ts","319","adminRouter.get('/meta/stats', authenticateToken, requireRole('ADMIN', 'OWNER'), async (req: Request, res: Response) => {"
"server/src/routes/qrCodes.ts","363","adminRouter.get('/:id', authenticateToken, requireRole('ADMIN', 'OWNER'), async (req: Request, res: Response) => {"
"server/src/routes/qrCodes.ts","406","adminRouter.post('/', authenticateToken, requireRole('ADMIN', 'OWNER'), async (req: Request, res: Response) => {"
"server/src/routes/qrCodes.ts","485","adminRouter.get('/:id/image/svg', authenticateToken, requireRole('ADMIN', 'OWNER'), async (req: Request, res: Response) => {"
"server/src/routes/qrCodes.ts","523","adminRouter.get('/:id/image/png', authenticateToken, requireRole('ADMIN', 'OWNER'), async (req: Request, res: Response) => {"
"server/src/routes/qrCodes.ts","569","adminRouter.patch('/:id', authenticateToken, requireRole('ADMIN', 'OWNER'), async (req: Request, res: Response) => {"
"server/src/routes/qrCodes.ts","605","adminRouter.post('/:id/disable', authenticateToken, requireRole('ADMIN', 'OWNER'), async (req: Request, res: Response) => {"
"server/src/routes/qrCodes.ts","667","adminRouter.post('/:id/reactivate', authenticateToken, requireRole('ADMIN', 'OWNER'), async (req: Request, res: Response) => {"
"server/src/routes/qrCodes.ts","697","adminRouter.get('/:id/scan-history', authenticateToken, requireRole('ADMIN', 'OWNER'), async (req: Request, res: Response) => {"
"server/src/routes/quality.ts","34","import { requirePermission } from '../../middleware/requirePermission';"
"server/src/routes/quality.ts","354","router.post('/definitions', requirePermission('quality.manage_definitions'), async (req: Request, res: Response) => {"
"server/src/routes/quality.ts","368","router.put('/definitions/:id', requirePermission('quality.manage_definitions'), async (req: Request, res: Response) => {"
"server/src/routes/quality.ts","383","router.delete('/definitions/:id', requirePermission('quality.manage_definitions'), async (req: Request, res: Response) => {"
"server/src/routes/quality.ts","876","router.post('/capa', requirePermission('quality.manage_capa'), async (req: Request, res: Response) => {"
"server/src/routes/quality.ts","892","router.put('/capa/:id', requirePermission('quality.manage_capa'), async (req: Request, res: Response) => {"
"server/src/routes/quality.ts","1168","router.post('/calibration/assets', requirePermission('quality.manage_calibration'), async (req: Request, res: Response) => {"
"server/src/routes/quality.ts","1183","router.post('/qms/parts-equipment/import', requirePermission('quality.manage_calibration'), async (req: Request, res: Response) => {"
"server/src/routes/quality.ts","1323","router.post('/qms/parts-equipment/assets/:id/evidence', requirePermission('quality.manage_calibration'), async (req: Request, res: Response) => {"
"server/src/routes/quality.ts","1375","router.post('/qms/parts-equipment/assets/:id/evidence/upload', requirePermission('quality.manage_calibration'), qmsEvidenceUpload.single('file'), async (req: Request, res: Response) => {"
"server/src/routes/quality.ts","1438","router.get('/qms/parts-equipment/assets/:id/evidence/:evidenceId/download', requirePermission('quality.manage_calibration'), async (req: Request, res: Response) => {"
"server/src/routes/quality.ts","1466","router.post('/qms/parts-equipment/assets/:id/review', requirePermission('quality.manage_calibration'), async (req: Request, res: Response) => {"
"server/src/routes/quality.ts","1531","router.put('/calibration/assets/:id', requirePermission('quality.manage_calibration'), async (req: Request, res: Response) => {"
"server/src/routes/quality.ts","1552","router.post('/calibration/assets/:id/events', requirePermission('quality.manage_calibration'), async (req: Request, res: Response) => {"
"server/src/routes/rdProjects.ts","16","import { requirePermission } from '../../middleware/requirePermission';"
"server/src/routes/rdProjects.ts","305","requirePermission('design.control.create'),"
"server/src/routes/rdProjects.ts","345","requirePermission('design.control.admin'),"
"server/src/routes/rdProjects.ts","389","requirePermission('design.control.create'),"
"server/src/routes/rdProjects.ts","669","requirePermission('design.configuration.view'),"
"server/src/routes/rdProjects.ts","714","requirePermission('design.configuration.edit'),"
"server/src/routes/rdProjects.ts","773","requirePermission('design.configuration.view'),"
"server/src/routes/rdProjects.ts","807","requirePermission('design.configuration.edit'),"
"server/src/routes/rdProjects.ts","920","requirePermission('design.configuration.edit'),"
"server/src/routes/rdProjects.ts","1013","requirePermission('design.configuration.edit'),"
"server/src/routes/rdProjects.ts","1043","requirePermission('design.configuration.edit'),"
"server/src/routes/rdProjects.ts","1102","requirePermission('design.configuration.edit'),"
"server/src/routes/rdProjects.ts","1188","requirePermission('design.configuration.edit'),"
"server/src/routes/rdProjects.ts","1213","requirePermission('design.configuration.edit'),"
"server/src/routes/rdProjects.ts","1306","requirePermission('design.configuration.edit'),"
"server/src/routes/rdProjects.ts","1350","requirePermission('design.configuration.edit'),"
"server/src/routes/rdProjects.ts","1397","requirePermission('design.configuration.applicability.approve'),"
"server/src/routes/rdProjects.ts","1440","requirePermission('design.configuration.view'),"
"server/src/routes/rdProjects.ts","1454","requirePermission('design.configuration.view'),"
"server/src/routes/receiving.ts","44","import { requireRole } from '../../middleware/auth';"
"server/src/routes/receiving.ts","76","const requireReceivingAccess = requireRole('ADMIN', 'EMPLOYEE', 'OWNER');"
"server/src/routes/receiving.ts","77","const requireReceiptReversalAccess = requireRole('ADMIN', 'OWNER');"
"server/src/routes/refunds.ts","106","if (!role || !['ADMIN', 'OWNER'].includes(role)) {"
"server/src/routes/reports.ts","8","import { authenticateToken, requireRole } from '../../middleware/auth';"
"server/src/routes/reports.ts","9","import { requirePermission } from '../../middleware/requirePermission';"
"server/src/routes/reports.ts","323","router.get('/filter-options', authenticateToken, requirePermission('reports.export'), async (req, res) => {"
"server/src/routes/reports.ts","426","router.post('/query', authenticateToken, requirePermission('reports.export'), async (req, res) => {"
"server/src/routes/reports.ts","594","router.post('/export-csv', authenticateToken, requirePermission('reports.export'), async (req, res) => {"
"server/src/routes/reports.ts","666","router.get('/presets', authenticateToken, requirePermission('reports.manage_presets'), async (req, res) => {"
"server/src/routes/reports.ts","681","router.post('/presets', authenticateToken, requirePermission('reports.manage_presets'), async (req, res) => {"
"server/src/routes/reports.ts","698","router.delete('/presets/:id', authenticateToken, requirePermission('reports.manage_presets'), async (req, res) => {"
"server/src/routes/robustBoms.ts","26","import { requirePermission } from '../../middleware/requirePermission';"
"server/src/routes/robustBoms.ts","246","router.post('/from-draft-builder', requirePermission('inventory.adjust'), async (req, res) => {"
"server/src/routes/shipping.ts","9","import { requirePermission } from '../../middleware/requirePermission';"
"server/src/routes/shipping.ts","363","router.post('/mark-shipped/:orderId', requirePermission('shipping.mark_shipped'), async (req: Request, res: Response) => {"
"server/src/routes/shipping.ts","878","router.post('/create-label', requirePermission('shipping.create_label'), async (req: Request, res: Response) => {"
"server/src/routes/tickets.ts","3","import { sessionAwareAuth, requireRole } from '../../middleware/auth';"
"server/src/routes/tickets.ts","69","return user && (WRITE_ROLES.includes(user.role) || TICKET_WRITE_USERS.includes(user.username?.toLowerCase()));"
"server/src/routes/timeClock.ts","6","import { authenticateToken, requireRole, optionalAuth } from '../../middleware/auth';"
"server/src/routes/timeClock.ts","767","const tcIsAdmin = ptoOverride?.user?.role === 'ADMIN' || ptoOverride?.user?.role === 'OWNER';"
"server/src/routes/timeClock.ts","1187","app.post('/api/integrations/time-clock/keys', authenticateToken, requireRole('ADMIN'), async (req: Request, res: Response) => {"
"server/src/routes/timeClock.ts","1227","app.get('/api/integrations/time-clock/keys', authenticateToken, requireRole('ADMIN'), async (req: Request, res: Response) => {"
"server/src/routes/timeClock.ts","1252","app.delete('/api/integrations/time-clock/keys/:id', authenticateToken, requireRole('ADMIN'), async (req: Request, res: Response) => {"
"server/src/routes/timekeeping/corrections.ts","4","import { authenticateToken, requireRole } from ""../../../middleware/auth"";"
"server/src/routes/timekeeping/corrections.ts","102","const isAdmin = user.role === ""ADMIN"" || user.role === ""OWNER"" || user.role === ""MANAGER"" || user.role === ""SUPERVISOR"";"
"server/src/routes/timekeeping/corrections.ts","142","router.get(""/corrections"", authenticateToken, requireRole(""ADMIN"", ""OWNER"", ""MANAGER"", ""SUPERVISOR""), h(async (req, res): Promise<void> => {"
"server/src/routes/timekeeping/corrections.ts","168","const isAdmin = user.role === ""ADMIN"" || user.role === ""OWNER"" || user.role === ""MANAGER"" || user.role === ""SUPERVISOR"";"
"server/src/routes/timekeeping/corrections.ts","180","router.post(""/corrections/:id/approve"", authenticateToken, requireRole(""ADMIN"", ""OWNER"", ""MANAGER"", ""SUPERVISOR""), h(async (req, res): Promise<void> => {"
"server/src/routes/timekeeping/corrections.ts","201","router.post(""/corrections/:id/reject"", authenticateToken, requireRole(""ADMIN"", ""OWNER"", ""MANAGER"", ""SUPERVISOR""), h(async (req, res): Promise<void> => {"
"server/src/routes/timekeeping/daily-certification.ts","11","import { authenticateToken, requireRole } from ""../../../middleware/auth"";"
"server/src/routes/timekeeping/daily-certification.ts","212","router.post(""/daily-supervisor-approval"", authenticateToken, requireRole('ADMIN', 'OWNER', 'HR'), h(async (req, res): Promise<void> => {"
"server/src/routes/timekeeping/daily-certification.ts","287","router.get(""/daily-certification-status"", authenticateToken, requireRole('ADMIN', 'OWNER', 'HR'), h(async (req, res): Promise<void> => {"
"server/src/routes/timekeeping/dashboard.ts","6","import { authenticateToken, requireRole } from ""../../../middleware/auth"";"
"server/src/routes/timekeeping/dashboard.ts","81","router.get(""/dashboard/pay-period-review"", authenticateToken, requireRole(""ADMIN"", ""OWNER"", ""HR""), h(async (req, res): Promise<void> => {"
"server/src/routes/timekeeping/dashboard.ts","120","requireRole(""ADMIN"", ""OWNER"", ""MANAGER"", ""SUPERVISOR""),"
"server/src/routes/timekeeping/employees.ts","15","import { authenticateToken, requireRole } from ""../../../middleware/auth"";"
"server/src/routes/timekeeping/employees.ts","33","router.post(""/employees"", authenticateToken, requireRole('ADMIN', 'OWNER'), h(async (req, res): Promise<void> => {"
"server/src/routes/timekeeping/employees.ts","53","router.patch(""/employees/:id"", authenticateToken, requireRole('ADMIN', 'OWNER'), h(async (req, res): Promise<void> => {"
"server/src/routes/timekeeping/employees.ts","64","router.delete(""/employees/:id"", authenticateToken, requireRole('ADMIN', 'OWNER'), h(async (req, res): Promise<void> => {"
"server/src/routes/timekeeping/employees.ts","73","router.patch(""/employees/:id/status"", authenticateToken, requireRole('ADMIN', 'OWNER'), h(async (req, res): Promise<void> => {"
"server/src/routes/timekeeping/laborApprovals.ts","6","import { authenticateToken, requireRole } from '../../../middleware/auth';"
"server/src/routes/timekeeping/laborApprovals.ts","34","requireRole(...ALLOWED_ROLES),"
"server/src/routes/timekeeping/laborApprovals.ts","151","requireRole(...ALLOWED_ROLES),"
"server/src/routes/timekeeping/laborApprovals.ts","192","requireRole(...ALLOWED_ROLES),"
"server/src/routes/timekeeping/laborEntryDrafts.ts","33","import { authenticatePortalToken, authenticateToken, requireRole } from ""../../../middleware/auth"";"
"server/src/routes/timekeeping/laborEntryDrafts.ts","714","requireRole(""ADMIN"", ""OWNER"", ""SUPERVISOR""),"
"server/src/routes/timekeeping/myTasks.ts","359","const isElevated = user?.role === ""ADMIN"" || user?.role === ""OWNER"";"
"server/src/routes/timekeeping/payrollExport.ts","4","* All routes are gated by authenticateToken + requireRole('ADMIN', 'OWNER')."
"server/src/routes/timekeeping/payrollExport.ts","23","import { authenticateToken, requireRole } from ""../../../middleware/auth"";"
"server/src/routes/timekeeping/payrollExport.ts","84","requireRole(""ADMIN"", ""OWNER""),"
"server/src/routes/timekeeping/payrollExport.ts","111","requireRole(""ADMIN"", ""OWNER""),"
"server/src/routes/timekeeping/payrollExport.ts","145","requireRole(""ADMIN"", ""OWNER""),"
"server/src/routes/timekeeping/payrollExport.ts","179","requireRole(""ADMIN"", ""OWNER""),"
"server/src/routes/timekeeping/payrollExport.ts","198","requireRole(""ADMIN"", ""OWNER""),"
"server/src/routes/timekeeping/payrollExport.ts","227","requireRole(""ADMIN"", ""OWNER""),"
"server/src/routes/timekeeping/payrollExport.ts","271","requireRole(""ADMIN"", ""OWNER""),"
"server/src/routes/timekeeping/policySettings.ts","3","import { authenticateToken, requireRole } from ""../../../middleware/auth"";"
"server/src/routes/timekeeping/policySettings.ts","29","requireRole(""ADMIN"", ""OWNER"") as RequestHandler,"
"server/src/routes/timekeeping/policySettings.ts","39","requireRole(""ADMIN"", ""OWNER"") as RequestHandler,"
"server/src/routes/timekeeping/ptoCommandCenter.ts","3","import { requirePermission } from ""../../../middleware/requirePermission"";"
"server/src/routes/timekeeping/ptoCommandCenter.ts","15","if (role === ""ADMIN"" || role === ""OWNER"") return { isAdmin: true, caps: new Set() };"
"server/src/routes/timekeeping/ptoCommandCenter.ts","386","requirePermission(""timekeeping.pto.view_all""),"
"server/src/routes/timekeeping/ptoCommandCenter.ts","465","requirePermission(""timekeeping.pto.view_all""),"
"server/src/routes/timekeeping/ptoCommandCenter.ts","530","requirePermission(""timekeeping.pto.view_all""),"
"server/src/routes/timekeeping/ptoCommandCenter.ts","657","requirePermission(""timekeeping.pto.view_all""),"
"server/src/routes/timekeeping/ptoCommandCenter.ts","775","requirePermission(""timekeeping.pto.view_all""),"
"server/src/routes/timekeeping/ptoCommandCenter.ts","937","requirePermission(""timekeeping.pto.view_all""),"
"server/src/routes/timekeeping/ptoCommandCenter.ts","1091","requirePermission(""timekeeping.pto.view_all""),"
"server/src/routes/timekeeping/ptoCommandCenter.ts","1156","requirePermission(""timekeeping.pto.view_all""),"
"server/src/routes/timekeeping/ptoCommandCenter.ts","1264","requirePermission(""timekeeping.pto.view_all""),"
"server/src/routes/timekeeping/punches.ts","21","import { authenticateToken, requireRole, optionalAuth } from ""../../../middleware/auth"";"
"server/src/routes/timekeeping/punches.ts","984","const kioskIsAdmin = req.user?.role === ""ADMIN"" || req.user?.role === ""OWNER"";"
"server/src/routes/timekeeping/punches.ts","1321","const isAdminOrOwner = req.user?.role === ""ADMIN"" || req.user?.role === ""OWNER"";"
"server/src/routes/timekeeping/punches.ts","1555","router.post(""/punches"", authenticateToken, requireRole('ADMIN', 'OWNER'), h(async (req, res): Promise<void> => {"
"server/src/routes/timekeeping/punches.ts","1742","router.post(""/punch-corrections"", authenticateToken, requireRole('ADMIN', 'OWNER'), h(async (req, res): Promise<void> => {"
"server/src/routes/timekeeping/punches.ts","1775","const isAdmin = [""ADMIN"", ""OWNER"", ""HR""].includes(user.role);"
"server/src/routes/timekeeping/punches.ts","2037","router.patch(""/punches/:id"", authenticateToken, requireRole('ADMIN', 'OWNER'), handleAdminPunchUpdate);"
"server/src/routes/timekeeping/punches.ts","2038","router.put(""/punches/:id"", authenticateToken, requireRole('ADMIN', 'OWNER'), handleAdminPunchUpdate);"
"server/src/routes/timekeeping/punches.ts","2041","router.delete(""/punches/:id"", authenticateToken, requireRole('ADMIN', 'OWNER'), h(async (req, res): Promise<void> => {"
"server/src/routes/timekeeping/salariedTimesheets.ts","34","import { authenticateToken, authenticatePortalToken, requireRole } from ""../../../middleware/auth"";"
"server/src/routes/timekeeping/salariedTimesheets.ts","35","import { requirePermission } from ""../../../middleware/requirePermission"";"
"server/src/routes/timekeeping/salariedTimesheets.ts","185","requirePermission(""timekeeping.salaried.view_review_queue""),"
"server/src/routes/timekeeping/salariedTimesheets.ts","190","if (user?.role === ""ADMIN"" || user?.role === ""OWNER"") {"
"server/src/routes/timekeeping/salariedTimesheets.ts","223","requirePermission(""timekeeping.salaried.view_review_queue""),"
"server/src/routes/timekeeping/salariedTimesheets.ts","231","const isAdminOwner = user?.role === ""ADMIN"" || user?.role === ""OWNER"";"
"server/src/routes/timekeeping/salariedTimesheets.ts","267","router.get(""/salaried-holidays"", authenticateToken, requireRole(""ADMIN"", ""OWNER""), h(async (_req, res) => {"
"server/src/routes/timekeeping/salariedTimesheets.ts","271","router.post(""/salaried-holidays"", authenticateToken, requireRole(""ADMIN"", ""OWNER""), h(async (req, res) => {"
"server/src/routes/timekeeping/salariedTimesheets.ts","279","router.patch(""/salaried-holidays/:id"", authenticateToken, requireRole(""ADMIN"", ""OWNER""), h(async (req, res) => {"
"server/src/routes/timekeeping/salariedTimesheets.ts","288","router.delete(""/salaried-holidays/:id"", authenticateToken, requireRole(""ADMIN"", ""OWNER""), h(async (req, res) => {"
"server/src/routes/timekeeping/salariedTimesheets.ts","579","requirePermission(""timekeeping.salaried.approve_supervisor""),"
"server/src/routes/timekeeping/salariedTimesheets.ts","609","const isAdminOwner = user?.role === ""ADMIN"" || user?.role === ""OWNER"";"
"server/src/routes/timekeeping/salariedTimesheets.ts","732","requirePermission(""timekeeping.salaried.approve_supervisor""),"
"server/src/routes/timekeeping/salariedTimesheets.ts","762","const isAdminOwner = user?.role === ""ADMIN"" || user?.role === ""OWNER"";"
"server/src/routes/timekeeping/salariedTimesheets.ts","840","requirePermission(""timekeeping.salaried.approve_payroll""),"
"server/src/routes/timekeeping/salariedTimesheets.ts","965","requirePermission(""timekeeping.salaried.reopen""),"
"server/src/routes/timekeeping/timeoff.ts","3","import { authenticateToken, authenticatePortalToken, requireRole } from ""../../../middleware/auth"";"
"server/src/routes/timekeeping/timeoff.ts","4","import { requirePermission } from ""../../../middleware/requirePermission"";"
"server/src/routes/timekeeping/timeoff.ts","246","requireRole(""ADMIN"", ""OWNER""),"
"server/src/routes/timekeeping/timeoff.ts","263","requirePermission(""timekeeping.pto.view_all""),"
"server/src/routes/timekeeping/timeoff.ts","278","requirePermission(""timekeeping.pto.view_all""),"
"server/src/routes/timekeeping/timeoff.ts","290","requirePermission(""timekeeping.pto.view_all""),"
"server/src/routes/timekeeping/timeoff.ts","310","requirePermission(""timekeeping.pto.view_all""),"
"server/src/routes/timekeeping/timeoff.ts","334","requirePermission(""timekeeping.pto.view_all""),"
"server/src/routes/timekeeping/timeoff.ts","351","const isAdminOwner = user.role === ""ADMIN"" || user.role === ""OWNER"";"
"server/src/routes/timekeeping/timeoff.ts","394","requirePermission(""timekeeping.pto.submit_on_behalf""),"
"server/src/routes/timekeeping/timeoff.ts","440","const isAdminOrOwner = user.role === ""ADMIN"" || user.role === ""OWNER"";"
"server/src/routes/timekeeping/timeoff.ts","616","requireRole(""ADMIN"", ""OWNER""),"
"server/src/routes/timekeeping/timesheets.ts","21","import { authenticateToken, requireRole } from ""../../../middleware/auth"";"
"server/src/routes/timekeeping/timesheets.ts","82","router.get(""/timesheets/by-period"", authenticateToken, requireRole('ADMIN', 'OWNER'), h(async (req, res): Promise<void> => {"
"server/src/routes/timekeeping/timesheets.ts","192","router.get(""/admin/export/gusto"", authenticateToken, requireRole('ADMIN', 'OWNER'), h(async (req, res): Promise<void> => {"
"server/src/routes/timekeeping/timesheets.ts","239","router.post(""/admin/timesheets/generate"", authenticateToken, requireRole('ADMIN', 'OWNER'), h(async (req, res): Promise<void> => {"
"server/src/routes/timekeeping/timesheets.ts","274","router.patch(""/timesheets/:id"", authenticateToken, requireRole('ADMIN', 'OWNER'), h(async (req, res): Promise<void> => {"
"server/src/routes/timekeeping/timesheets.ts","332","router.post(""/timesheets/:id/certify-admin"", authenticateToken, requireRole(""ADMIN"", ""OWNER"", ""SUPERVISOR"", ""MANAGER""), h(async (req, res): Promise<void> => {"
"server/src/routes/timekeeping/timesheets.ts","361","router.post(""/timesheets/:id/approve"", authenticateToken, requireRole('ADMIN', 'OWNER', 'SUPERVISOR', 'MANAGER'), h(async (req, res): Promise<void> => {"
"server/src/routes/timekeeping/timesheets.ts","370","router.post(""/timesheets/:id/reject"", authenticateToken, requireRole('ADMIN', 'OWNER', 'SUPERVISOR', 'MANAGER'), h(async (req, res): Promise<void> => {"
"server/src/routes/timekeeping/timesheets.ts","388","const isAdmin = user?.role === ""ADMIN"" || user?.role === ""OWNER"";"
"server/src/routes/timekeeping/timesheets.ts","413","const isAdmin = user?.role === ""ADMIN"" || user?.role === ""OWNER"";"
"server/src/routes/timekeeping/timesheets.ts","457","const isAdmin = user.role === ""ADMIN"" || user.role === ""OWNER"";"
"server/src/routes/timekeeping/timesheets.ts","472","router.post(""/timesheets/:id/recalculate"", authenticateToken, requireRole('ADMIN', 'OWNER'), h(async (req, res): Promise<void> => {"
"server/src/routes/timekeeping/timesheets.ts","486","router.post(""/timesheets/:id/lock"", authenticateToken, requireRole('ADMIN', 'OWNER'), h(async (req, res): Promise<void> => {"
"server/src/routes/timekeeping/timesheets.ts","500","router.get(""/timesheets/:id/audit-trail"", authenticateToken, requireRole('ADMIN', 'OWNER', 'HR'), h(async (req, res): Promise<void> => {"
"server/src/routes/timekeeping.ts","2","import { authenticateToken, requireRole } from '../../middleware/auth';"
"server/src/routes/timekeeping.ts","119","const punchIsAdmin = user.role === 'ADMIN' || user.role === 'OWNER';"
"server/src/routes/timekeeping.ts","226","requireRole('ADMIN'),"
"server/src/routes/timekeeping.ts","281","router.get('/admin/projects', authenticateToken, requireRole('ADMIN', 'OWNER'), async (_req: Request, res: Response) => {"
"server/src/routes/timekeeping.ts","297","router.post('/admin/job-allocate', authenticateToken, requireRole('ADMIN', 'OWNER'), async (req: Request, res: Response) => {"
"server/src/routes/timekeeping.ts","369","router.get('/admin/job-allocations/:jobId', authenticateToken, requireRole('ADMIN', 'OWNER'), async (req: Request, res: Response) => {"
"server/src/routes/traceability.ts","22","import { requirePermission } from '../../middleware/requirePermission';"
"server/src/routes/traceability.ts","39","router.use(requirePermission('inventory.traceability.view'));"
"server/src/routes/training.ts","2","import { requirePermission } from '../../middleware/requirePermission';"
"server/src/routes/training.ts","645","router.post('/modules', requirePermission('training.manage_content'), async (req, res) => {"
"server/src/routes/training.ts","662","router.post('/modules/:id/questions', requirePermission('training.manage_content'), async (req, res) => {"
"server/src/routes/training.ts","718","router.patch('/modules/:id', requirePermission('training.manage_content'), async (req, res) => {"
"server/src/routes/training.ts","1165","router.delete('/modules/:id', requirePermission('training.manage_content'), async (req, res) => {"
"server/src/routes/training.ts","1554","router.post('/employee/records', requirePermission('training.record_completion'), async (req, res) => {"
"server/src/routes/training.ts","1596","router.post('/quiz/submit', requirePermission('training.record_completion'), async (req, res) => {"
"server/src/routes/travelers.ts","17","import { requirePermission } from '../../middleware/requirePermission';"
"server/src/routes/travelers.ts","19","import { requireScopedCapability, ScopedForbiddenError } from '../permissions';"
"server/src/routes/travelers.ts","852","requirePermission('work_orders.override_charges'),"
"server/src/routes/travelers.ts","1231","requirePermission('work_orders.override_charges'),"
"server/src/routes/travelers.ts","1652","requirePermission('work_orders.override_charges'),"
"server/src/routes/travelers.ts","1780","requirePermission('spec_sheets.history.view'),"
"server/src/routes/travelers.ts","2437","requirePermission('travelers.start'),"
"server/src/routes/travelers.ts","2478","requirePermission('travelers.finish'),"
"server/src/routes/travelers.ts","3083","requirePermission('work_orders.override_charges'),"
"server/src/routes/travelers.ts","3130","// Authorization is enforced by requirePermission('work_orders.override_charges') on the route."
"server/src/routes/travelers.ts","3766","requirePermission('travelers.sign_qc'),"
"server/src/routes/travelers.ts","3812","await requireScopedCapability(signingUser, 'travelers.sign_qc', {"
"server/src/routes/users.ts","62","import { authenticateToken, requireRole } from '../../middleware/auth';"
"server/src/routes/users.ts","63","import { requirePermission } from '../../middleware/requirePermission';"
"server/src/routes/users.ts","84","// ADMIN and OWNER roles can manage users; specific mutations are further gated by requirePermission"
"server/src/routes/users.ts","86","router.use(requireRole('ADMIN', 'OWNER'));"
"server/src/routes/users.ts","179","router.post('/', requirePermission('admin.manage_users'), async (req, res) => {"
"server/src/routes/users.ts","285","router.put('/:id', requirePermission('admin.manage_users'), async (req, res) => {"
"server/src/routes/users.ts","411","router.delete('/:id', requirePermission('admin.manage_users'), async (req, res) => {"
"server/src/routes/vendorDebarmentChecks.ts","17","import { requirePermission } from '../../middleware/requirePermission';"
"server/src/routes/vendorDebarmentChecks.ts","22","router.get('/vendor/:vendorId', requirePermission('purchasing.view_requisitions'), async (req: Request, res: Response) => {"
"server/src/routes/vendorDebarmentChecks.ts","31","router.get('/vendor/:vendorId/freshness', requirePermission('purchasing.view_requisitions'), async (req, res) => {"
"server/src/routes/vendorDebarmentChecks.ts","49","router.post('/', requirePermission('purchasing.record_debarment_check'), async (req: Request, res: Response) => {"
"server/src/routes/vendorPOs.ts","15","import { requirePermission } from '../../middleware/requirePermission';"
"server/src/routes/vendorPOs.ts","1431","router.post('/', requirePermission('purchasing.manage_pos'), async (req: Request, res: Response) => {"
"server/src/routes/vendorPOs.ts","1481","router.put('/:id', requirePermission('purchasing.manage_pos'), async (req: Request, res: Response) => {"
"server/src/routes/vendorPOs.ts","1700","router.post('/:id/void', requirePermission('purchasing.manage_pos'), async (req: Request, res: Response) => {"
"server/src/routes/vendorPOs.ts","1748","router.delete('/:id', requirePermission('purchasing.manage_pos'), (_req: Request, res: Response) => {"
"server/src/routes/vendorPOs.ts","2569","// requirePermission contract)."
"server/src/routes/vendorPOs.ts","2570","router.post('/:id/direct-po-exception', requirePermission('purchasing.direct_po_exception'), async (req: Request, res: Response) => {"
"server/src/routes/vendorPOs.ts","2648","router.post('/:id/issue', requirePermission('purchasing.approve_po'), async (req: Request, res: Response) => {"
"server/src/routes/weeklySchedule.ts","4","import { requirePermission } from '../../middleware/requirePermission';"
"server/src/routes/weeklySchedule.ts","19","router.post('/', requirePermission('scheduling.manage'), async (req: Request, res: Response) => {"
"server/src/routes/weeklySchedule.ts","30","router.post('/batch', requirePermission('scheduling.manage'), async (req: Request, res: Response) => {"
"server/src/routes/weeklySchedule.ts","71","router.patch('/:id', requirePermission('scheduling.manage'), async (req: Request, res: Response) => {"
"server/src/routes/weeklySchedule.ts","88","router.delete('/:id', requirePermission('scheduling.manage'), async (req: Request, res: Response) => {"
"server/src/routes/weeklySchedule.ts","99","router.delete('/week/:weekStartDate', requirePermission('scheduling.manage'), async (req: Request, res: Response) => {"
"server/src/routes/workOrders.ts","43","import { requirePermission } from '../../middleware/requirePermission';"
"server/src/routes/workOrders.ts","44","import { requireScopedCapability, ScopedForbiddenError } from '../permissions';"
"server/src/routes/workOrders.ts","217","if (!user || !supervisorRoles.includes(user.role)) {"
"server/src/routes/workOrders.ts","229","allowedRoles: ['PROJECT_MANAGER', 'ADMIN', 'OWNER'],"
"server/src/routes/workOrders.ts","234","allowedRoles: ['ENGINEERING', 'ADMIN', 'OWNER'],"
"server/src/routes/workOrders.ts","239","allowedRoles: ['QUALITY', 'QC', 'MANAGER', 'ADMIN', 'OWNER'],"
"server/src/routes/workOrders.ts","244","allowedRoles: ["
"server/src/routes/workOrders.ts","256","allowedRoles: ['EXECUTIVE', 'OWNER', 'ADMIN'],"
"server/src/routes/workOrders.ts","268","WAD_APPROVAL_MATRIX.map((slot) => [slot.key, slot.allowedRoles])"
"server/src/routes/workOrders.ts","732","requirePermission('work_orders.release'),"
"server/src/routes/workOrders.ts","818","requirePermission('work_orders.release'),"
"server/src/routes/workOrders.ts","1076","requirePermission('work_orders.release'),"
"server/src/routes/workOrders.ts","1706","requirePermission('work_orders.release'),"
"server/src/routes/workOrders.ts","1958","requirePermission('work_orders.override_charges'),"
"server/src/routes/workOrders.ts","2080","await requireScopedCapability("
"server/src/routes/workOrders.ts","2366","requirePermission('work_orders.release'),"
"server/src/routes/workOrders.ts","2392","await requireScopedCapability(releasingUser, 'work_orders.release', {"
"server/src/routes/workOrders.ts","2623","const isSupervisor = SUPERVISOR_ROLES.includes(authUser.role);"
"server/src/routes/workOrders.ts","2696","requirePermission('work_orders.approve_overrun'),"
"server/src/routes/workOrders.ts","2891","return user && PRODUCTION_SUPERVISOR_ROLES.includes(user.role);"
"server/src/routes/workOrders.ts","4026","requirePermission('work_orders.release'),"
"server/src/routes/workOrders.ts","4187","requirePermission('work_orders.release'),"
"server/src/routes/workOrders.ts","4221","requirePermission('work_orders.release'),"
"server/src/routes/workOrders.ts","4361","requirePermission('work_orders.release'),"
"server/src/routes/workOrders.ts","4431","allowedRoles: allowedForSlot,"
"server/src/services/certificationAuthorizationService.ts","15","export async function requireApplicableAuthorization(input: {"
"server/src/services/cmmcEvidenceMapping.ts","58","{ evidenceType: 'permission', evidenceRef: 'requireAdminOrOwner / requireScopedCapability', evidenceDescription: 'Route-level middleware limits each endpoint to only the roles/capabilities authorized for that transaction type (RBAC via permissionService.ts).' },"
"server/src/services/cmmcEvidenceMapping.ts","74","{ evidenceType: 'permission', evidenceRef: 'requireScopedCapability (work_orders.release)', evidenceDescription: 'Scoped capability grants prevent the same user from both creating and releasing work orders.' },"
"server/src/services/designControlApprovalService.ts","328","actor.role === 'ADMIN' || actor.role === 'OWNER'"
"server/src/services/designControlApprovalService.ts","405","const bypass = actor.role === 'ADMIN' || actor.role === 'OWNER';"
"server/src/services/designControlApprovalService.ts","971","requiredRolesSnapshot: [...(slot.allowedRoles ?? [])],"
"server/src/services/designControlApprovalService.ts","1348","allowedRoles: slot.allowedRoles ?? [],"
"server/src/services/designControlStructuredLifecycleService.ts","353","(input.actor.role === 'ADMIN' || input.actor.role === 'OWNER')"
"server/src/services/materialIssueOverridePolicy.ts","11","*   1. A new entry below with `bypassesGates`, `allowedRoles`, and a"
"server/src/services/materialIssueOverridePolicy.ts","38","allowedRoles: ReadonlyArray<string>;"
"server/src/services/materialIssueOverridePolicy.ts","51","allowedRoles: ['Production Supervisor', 'Manufacturing Manager'],"
"server/src/services/materialIssueOverridePolicy.ts","61","allowedRoles: ['Manufacturing Manager'],"
"server/src/services/materialIssueOverridePolicy.ts","70","allowedRoles: ['Quality Manager', 'Compliance Manager'],"
"server/src/services/materialIssueOverridePolicy.ts","79","allowedRoles: ['Quality Manager'],"
"server/src/services/materialIssueOverridePolicy.ts","97","allowedRoles: ['OWNER', 'Plant Manager'],"
"server/src/services/materialIssueOverridePolicy.ts","154","if (!override.approverRole || !spec.allowedRoles.includes(override.approverRole)) {"
"server/src/services/materialIssueOverridePolicy.ts","159","`Allowed: ${spec.allowedRoles.join(', ')}.`,"
"server/src/services/permissionService.ts","118","export async function userHasScopedCapability("
"server/src/services/permissionService.ts","153","console.warn('[userHasScopedCapability] Unexpected DB error — denying access', { userId, capabilityKey, err });"
"server/src/services/policiesService.ts","242","if (roles.length > 0 && !roles.includes(opts.role)) return false;"
"server/src/services/policiesService.ts","275","const eligible = allUsers.filter((u) => (roles.length === 0 ? true : roles.includes(u.role)));"
"server/src/services/productionControl/productionControlTemplateService.ts","183","if (!(TEMPLATE_APPROVER_ROLES as readonly string[]).includes(approverCtx.role)) {"
"server/src/services/timekeeping/punchCorrections.service.ts","305","if (![""ADMIN"", ""OWNER"", ""HR""].includes(reviewerUser.role)) {"
"server/src/validateCapabilities.ts","7","* for TypeScript source files containing requirePermission() calls."
"server/src/validateCapabilities.ts","9","* that calls requirePermission() is automatically included."
"server/src/validateCapabilities.ts","17","* Regex that matches the string literal passed to requirePermission()."
"server/src/validateCapabilities.ts","19","*   requirePermission('work_orders.release')"
"server/src/validateCapabilities.ts","20","*   requirePermission(""time.edit_entry"")"
"server/src/validateCapabilities.ts","22","const REQUIRE_PERMISSION_RE = /requirePermission\(['""]([^'""]+)['""]\)/g;"
"server/src/validateCapabilities.ts","43","* capability key that appears as a literal argument to requirePermission()."
"server/src/validateCapabilities.ts","71","*    passed to requirePermission() — no manually maintained file list needed."
"server/src/validateCapabilities.ts","88","`[validateCapabilityKeys] STARTUP FAILURE: No requirePermission() callsites were ` +"
"server/src/validateCapabilities.ts","107","`used in requirePermission() calls but are MISSING from the perm_capabilities table:\n${list}\n\n` +"
"server/storage.ts","772","import { userHasScopedCapability as _userHasScopedCapability } from './src/services/permissionService';"
"server/storage.ts","3213","userHasScopedCapability(userId: number, userRole: string | undefined, capabilityKey: string, context: { department?: string | null; projectId?: string | null }): Promise<boolean>;"
"server/storage.ts","28125","async userHasScopedCapability("
"server/storage.ts","28131","return _userHasScopedCapability(userId, userRole, capabilityKey, context);"
"server/__tests__/auditLimitClamping.test.ts","19","requireRole: vi.fn(() => (_req: Request, _res: Response, next: NextFunction) => next()),"
"server/__tests__/auditReadinessArchitecture.test.ts","17","expect(route).toContain(""requirePermission('qms.audit_readiness.view')"");"
"server/__tests__/auditReadinessArchitecture.test.ts","18","expect(route).toContain(""requirePermission('qms.audit_readiness.approve')"");"
"server/__tests__/auditReadinessArchitecture.test.ts","19","expect(route).toContain(""requirePermission('qms.audit_readiness.export')"");"
"server/__tests__/certificationAuthorizationMatrixArchitecture.test.ts","64","'requireApplicableAuthorization({ employeeId: options.employeeId'"
"server/__tests__/changeControlRouteScope.test.ts","8","vi.mock('../middleware/requirePermission', () => ({"
"server/__tests__/changeControlRouteScope.test.ts","9","requirePermission: () => (_req: unknown, _res: unknown, next: () => void) => next(),"
"server/__tests__/checklistsLimitClamping.test.ts","20","requireRole: vi.fn(() => (_req: Request, _res: Response, next: NextFunction) => next()),"
"server/__tests__/controlledDocumentLifecycleHardening.test.ts","78","expect(route).toContain(`requirePermission('${capability}')`);"
"server/__tests__/controlledDocumentPhase1ACompatibility.test.ts","19","""requirePermission('documents.view'), requireStepUp(), async"""
"server/__tests__/controlledDocumentPhase1BReconciliation.test.ts","243","expect(route).toContain(`requirePermission('${permission}')`);"
"server/__tests__/controlledDocumentPhase2ApproveRelease.test.ts","99","/approve-and-release[\s\S]*requirePermission\('documents\.approve'\)[\s\S]*requireStepUp\(\)/"
"server/__tests__/controlledDocumentReleasedRevisionAccess.test.ts","109","""requirePermission('documents.view'), requireStepUp(), async"""
"server/__tests__/conversationalDraftEndpoint.test.ts","53","requireRole: vi.fn("
"server/__tests__/costAccountingNewEndpoints.test.ts","29","requireRole: vi.fn("
"server/__tests__/departmentReassignRoleEnforcement.test.ts","13","requireRole: vi.fn((..._roles: string[]) =>"
"server/__tests__/designControlAuthenticatedApprovals.test.ts","55","expect(slot.allowedRoles?.length).toBeGreaterThan(0);"
"server/__tests__/designControlAuthorityFoundation.test.ts","114","""requirePermission('design.control.create')"""
"server/__tests__/designControlAuthorityFoundation.test.ts","117","""requirePermission('design.control.admin')"""
"server/__tests__/designControlFormTemplates.test.ts","231","expect(route).toContain(`requirePermission('${capability}')`);"
"server/__tests__/designControlProductionReadiness.test.ts","10","const permissions = read('server/middleware/requirePermission.ts');"
"server/__tests__/designControlProductionReadiness.test.ts","40","expect(permissions).toContain('requireAnyPermission');"
"server/__tests__/designHistoryFiles.test.ts","64","expect(routes).toContain(""requirePermission('design.dhf.admin')"");"
"server/__tests__/designHistoryFiles.test.ts","137","expect(routes).toContain(`requirePermission('${permission}')`);"
"server/__tests__/designProjectConfigurationSecurityPostgres.test.ts","5","vi.mock('../middleware/requirePermission', () => ({"
"server/__tests__/designProjectConfigurationSecurityPostgres.test.ts","6","requirePermission: () => (_req: unknown, _res: unknown, next: () => void) =>"
"server/__tests__/designProjectConfigurationWorkspacePhase2.test.ts","58","/requirePermission\('design\.configuration\.edit'\)/g"
"server/__tests__/designProjectConfigurationWorkspacePhase2.test.ts","62","""requirePermission('design.configuration.applicability.approve')"""
"server/__tests__/designProjectConfigurationWorkspacePhase2.test.ts","101","""requirePermission('design.configuration.applicability.approve')"""
"server/__tests__/employeePinValidation.test.ts","68","requireRole: vi.fn(() => (_req: Request, _res: Response, next: NextFunction) => next()),"
"server/__tests__/employeeRoleSync.test.ts","68","requireRole: vi.fn(() => (_req: Request, _res: Response, next: NextFunction) => next()),"
"server/__tests__/engineeringChangeNotices.test.ts","305","expect(routes).toContain(`requirePermission('${capability}')`);"
"server/__tests__/engineeringChangeRequests.test.ts","225","expect(routes).toContain(`requirePermission('${capability}')`);"
"server/__tests__/epochSoftwareValidationIdempotencyArchitecture.test.ts","69","expect(route).toContain(""requirePermission('EPOCH_VALIDATION_ADMIN')"");"
"server/__tests__/epochSoftwareValidationReadinessArchitecture.test.ts","35","""router.post('/:id/audit-readiness-na',requirePermission('EPOCH_VALIDATION_FINAL_APPROVE')"""
"server/__tests__/epochSoftwareValidationReadinessArchitecture.test.ts","41","""router.post('/:id/confirm-deployment-date',requirePermission('EPOCH_VALIDATION_EDIT')"""
"server/__tests__/epochSoftwareValidationReadinessArchitecture.test.ts","44","""router.post('/:id/confirm-environment-separation',requirePermission('EPOCH_VALIDATION_EDIT')"""
"server/__tests__/epochSoftwareValidationWizardPhase1Architecture.test.ts","75","route.match(/requirePermission\('EPOCH_VALIDATION_EDIT'\)/g)?.length"
"server/__tests__/epochSoftwareValidationWizardPhase1Architecture.test.ts","89","""requirePermission('EPOCH_VALIDATION_EDIT')"""
"server/__tests__/epochSoftwareValidationWizardPhase1Architecture.test.ts","92","""requirePermission('EPOCH_VALIDATION_EDIT')"""
"server/__tests__/estimatingLimitClamping.test.ts","32","requireRole: vi.fn(() => (_req: Request, _res: Response, next: NextFunction) => next()),"
"server/__tests__/inventoryTransactionsLimitClamping.test.ts","43","requireRole: vi.fn(() => (_req: any, _res: any, next: any) => next()),"
"server/__tests__/kioskIdentify.test.ts","63","requireRole: vi.fn(() => (_req, _res, next) => next()),"
"server/__tests__/laborBudgetIntegration.test.ts","75","requireRole: vi.fn(() => (_req: Request, _res: Response, next: NextFunction) => next()),"
"server/__tests__/laborFactsLimitClamping.test.ts","24","requireRole: vi.fn(() => (_req: any, _res: any, next: any) => next()),"
"server/__tests__/laborSessionsIntegration.test.ts","50","requireRole: vi.fn(() => (_req: Request, _res: Response, next: NextFunction) => next()),"
"server/__tests__/mediaDownloadRoute.test.ts","40","requireRole: vi.fn(() => (_req: unknown, _res: unknown, next: () => void) => next()),"
"server/__tests__/p1FulfillmentRoute.test.ts","18","expect(routeSource).toContain(""requirePermission('shipping.view')"");"
"server/__tests__/p1POQuantityAdjustmentRouteContract.test.ts","22","expect(routeSource).toContain(""requirePermission('purchasing.manage_pos')"");"
"server/__tests__/p2CertEnforcement.test.ts","83","requireRole: vi.fn("
"server/__tests__/p2PackingSlipEditRoute.test.ts","30","// requireRole is a faithful re-implementation that returns 403 when the"
"server/__tests__/p2PackingSlipEditRoute.test.ts","35","requireRole:"
"server/__tests__/p2PackingSlipEditRoute.test.ts","38","if (!req.user || !roles.includes(req.user.role)) {"
"server/__tests__/p2PackingSlipEditRoute.test.ts","572","// requireRole short-circuits before the handler runs — no SELECT, no"
"server/__tests__/packingSlipRoute.test.ts","83","requireRole: vi.fn("
"server/__tests__/payrollExportPhase1.test.ts","540","/authenticateToken,\s*requireRole\(\s*[""']ADMIN[""']\s*,\s*[""']OWNER[""']\s*\)/g,"
"server/__tests__/payrollExportPhase1.test.ts","563","expect(readinessRoute).toContain('requireRole(""ADMIN"", ""OWNER"")');"
"server/__tests__/permissionEnforcement.test.ts","46","requireRole: vi.fn(() => (_req: Request, _res: Response, next: NextFunction) => next()),"
"server/__tests__/permissionEnforcement.test.ts","651","it(`${role} bypasses requirePermission without calling getUserPermissions`, async () => {"
"server/__tests__/permissionEnforcement.test.ts","676","describe('userHasScopedCapability — FLOOR_OPERATOR with no scope rows falls back to role check', () => {"
"server/__tests__/permissionEnforcement.test.ts","689","const { userHasScopedCapability: realFn } ="
"server/__tests__/permissionEnforcement.test.ts","706","const { userHasScopedCapability: realFn } ="
"server/__tests__/permissionEnforcement.test.ts","723","const { userHasScopedCapability: realFn } ="
"server/__tests__/pinRateLimiter.test.ts","76","requireRole: vi.fn(() => (_req: Request, _res: Response, next: NextFunction) => next()),"
"server/__tests__/projectClosingGate.test.ts","130","userHasScopedCapability: vi.fn("
"server/__tests__/projectFormInstances.test.ts","339","expect(routes).toContain(`requirePermission('${capability}')`);"
"server/__tests__/projectFormTemplateReadinessUi.test.ts","15","expect(routes).toContain(""requirePermission('design.forms.view')"");"
"server/__tests__/punchBroadcast.test.ts","58","requireRole: vi.fn(() => (_req: Request, _res: Response, next: NextFunction) => next()),"
"server/__tests__/punchDeleteHandler.test.ts","71","requireRole: vi.fn(() => (_req: Request, _res: Response, next: NextFunction) => next()),"
"server/__tests__/punchEditWhichDiscriminator.test.ts","68","requireRole: vi.fn(() => (_req: Request, _res: Response, next: NextFunction) => next()),"
"server/__tests__/qmsChangeControl.test.ts","92","expect(routes).toContain(`requirePermission('${capability}')`);"
"server/__tests__/qualityActionCompletion.test.ts","45","expect(routes).toContain(`requirePermission('${capability}')`);"
"server/__tests__/receiptReversalContract.test.ts","28","expect(routes).toContain(""const requireReceiptReversalAccess = requireRole('ADMIN', 'OWNER')"");"
"server/__tests__/shippedOrderProductionForensics.test.ts","13","expect(source).toContain(""requireRole('ADMIN', 'OWNER')"");"
"server/__tests__/ticketOwnerReassignment.test.ts","46","requireRole: vi.fn(() => (_req: Request, _res: Response, next: NextFunction) => next()),"
"server/__tests__/timesheetPermissionEnforcement.test.ts","39","requireRole: vi.fn((..._roles: string[]) =>"
"server/__tests__/timesheetPermissionEnforcement.test.ts","45","import { requireRole } from '../middleware/auth';"
"server/__tests__/timesheetPermissionEnforcement.test.ts","72","vi.mocked(requireRole).mockReturnValue("
"server/__tests__/timesheetPermissionEnforcement.test.ts","78","vi.mocked(requireRole).mockReturnValue("
"server/__tests__/traceabilityRoutes.test.ts","22","vi.mock('../middleware/requirePermission', () => ({"
"server/__tests__/traceabilityRoutes.test.ts","23","requirePermission: vi.fn(() => (_req: Request, _res: Response, next: NextFunction) => next()),"
"server/__tests__/travelerGatesIntegration.test.ts","70","vi.mock('../middleware/requirePermission', () => ({"
"server/__tests__/travelerGatesIntegration.test.ts","71","requirePermission: () => (_req: Request, _res: Response, next: NextFunction) => next(),"
"server/__tests__/travelerGatesIntegration.test.ts","79","requireScopedCapability: () => (_req: Request, _res: Response, next: NextFunction) => next(),"
"server/__tests__/travelerGatesIntegration.test.ts","125","requireRole: vi.fn(() => (_req: Request, _res: Response, next: NextFunction) => next()),"
"server/__tests__/vendorDocMigration.test.ts","75","requireRole: vi.fn(() => (_req: unknown, _res: unknown, next: () => void) => next()),"
